,area,balconynum,balconysize,category,community,floor,gardennum,gardensize,id,listprice,name,onboarddate,roominfo,size,totalfloor,unitprice,totalfloornum,cname,builtyear,additionalfloor,hasservice,isinnerring,isoldcity,isfamousarea,pschool,mschool,garage,recognizedsize,isvilla,istopfloor,areaprice,communityprice,houseprice,bottomunitprice,bottomprice
0,留园西园,0,0.0,别墅,玖园,低,0,0.0,107102848616,800.0,玖园 5室2厅 800万_苏州姑苏留园西园玖园二手房(苏州链家),2020-07-25,5室2厅,385.0, (共2层),20780,2,,2000.0,0.0,1.0,1.0,0.0,0.0,0.0,0.0,0.0,385.0,1.0,0.0,20000,-1000.0,5000.0,24000.0,823.13
1,留园西园,0,0.0,普通住宅,新庄二村,高,0,0.0,107102799974,220.0,新庄二村 4室2厅 220万_苏州姑苏留园西园新庄二村二手房(苏州链家),2020-07-13,4室2厅,113.0, (共6层),19470,6,,2000.0,0.0,1.0,1.0,0.0,0.0,0.0,0.0,0.0,113.0,0.0,0.0,20000,-1000.0,-2000.0,17000.0,192.1
3,金门,2,45.47,普通住宅,干将名邸,高,0,0.0,107102800620,400.0,干将名邸 4室2厅 400万_苏州姑苏金门干将名邸二手房(苏州链家),2020-07-13,4室2厅,180.0, (共5层),22223,5,,2000.0,0.0,1.0,1.0,0.0,0.0,0.0,0.0,0.0,180.0,0.0,0.0,20000,-1000.0,2273.5,21273.5,382.923
5,平江新城,0,0.0,普通住宅,汇翠花园,高,0,0.0,107102806692,339.0,新上顶复  121+79  业主诚心出售  采光很好_苏州姑苏平江新城汇翠花园二手房(苏州链家),2020-07-15,5室2厅,200.0, (共5层),16950,5,,2000.0,0.0,1.0,0.0,0.0,0.0,0.0,0.0,0.0,200.0,0.0,1.0,17000,-1000.0,600.0,16600.0,332.0
6,胥江,0,0.0,普通住宅,新康花园,高,0,0.0,107102806861,396.0,新康花园 6室3厅 396万_苏州姑苏胥江新康花园二手房(苏州链家),2020-07-15,6室3厅,221.08, (共6层),17913,6,,2000.0,0.0,1.0,1.0,0.0,0.0,0.0,0.0,0.0,221.0,0.0,0.0,20000,-1000.0,-2000.0,17000.0,375.7
7,葑门,0,0.0,普通住宅,现代花园,高,0,0.0,107102807270,235.0,二期房龄新采光足，业主诚心出售哦_苏州姑苏葑门现代花园二手房(苏州链家),2020-07-15,4室2厅,101.02, (共5层),23263,5,,2000.0,0.0,1.0,1.0,0.0,0.0,0.0,0.0,0.0,101.0,0.0,0.0,20000,-1000.0,-1000.0,18000.0,181.8
10,胥江,2,42.25,普通住宅,潼泾新村,高,0,0.0,107102811306,320.0,满五唯一，顶楼带双露台，有车库，房龄新，诚心卖！_苏州姑苏胥江潼泾新村二手房(苏州链家),2020-07-16,4室2厅,176.62, (共5层),18118,5,,2000.0,0.0,1.0,1.0,0.0,0.0,0.0,0.0,0.0,176.0,0.0,0.0,20000,-1000.0,2112.5,21112.5,371.58
11,平江新城,1,6.49,普通住宅,梅花新村,高,0,0.0,107102814048,225.0,总价低，可谈，精装修房东自住，房东诚心出售_苏州姑苏平江新城梅花新村二手房(苏州链家),2020-07-17,5室2厅,160.0, (共6层),14063,6,,2000.0,0.0,1.0,0.0,0.0,0.0,0.0,0.0,0.0,160.0,0.0,0.0,17000,-1000.0,-675.5,15324.5,245.192
12,胥江,0,0.0,普通住宅,金桥新村,高,0,0.0,107102816453,212.0,金桥新村 4室2厅 212万_苏州姑苏胥江金桥新村二手房(苏州链家),2020-07-17,4室2厅,97.0, (共6层),21856,6,,2000.0,0.0,1.0,1.0,0.0,0.0,0.0,0.0,0.0,97.0,0.0,0.0,20000,-1000.0,-2000.0,17000.0,164.9
17,胥江,1,48.37,普通住宅,润达新村,高,0,0.0,107102825161,370.0,润达三期，小区中间位置复式安静采光好，有大车库_苏州姑苏胥江润达新村二手房(苏州链家),2020-07-19,4室3厅,151.0, (共4层),24504,4,,2000.0,0.0,1.0,1.0,0.0,0.0,0.0,0.0,0.0,151.0,0.0,0.0,20000,-1000.0,3418.5,22418.5,338.51935
18,金门,2,16.27,普通住宅,菱塘新村二区,高,0,0.0,107102827283,284.0,干将路旁 地铁口边上独立汽车库  满五唯一  采光充足_苏州姑苏金门菱塘新村二区二手房(苏州链家),2020-07-19,4室2厅,162.3, (共5层),17499,5,菱塘新村二区,1998.0,0.0,0.0,1.0,0.0,0.0,0.0,0.0,0.0,162.0,0.0,0.0,20000,-4000.0,813.5,16813.5,272.3787
19,南门,0,0.0,普通住宅,盘溪新村上沙苑,高,0,0.0,107102832233,257.0,盘溪新村上沙苑 5室2厅 257万_苏州姑苏南门盘溪新村上沙苑二手房(苏州链家),2020-07-21,5室2厅,158.99, (共6层),16165,6,盘溪新村上沙苑,1996.0,0.0,0.0,1.0,0.0,0.0,0.0,0.0,0.0,158.0,0.0,0.0,20000,-5000.0,-2000.0,13000.0,205.4
25,金门,2,18.78,普通住宅,采香花园,高,0,0.0,107102838641,329.8,地铁口 满五年 精装复式房 上下六开间朝南 采光无遮挡_苏州姑苏金门采香花园二手房(苏州链家),2020-07-22,6室3厅,193.0, (共6层),17089,6,,2000.0,0.0,1.0,1.0,0.0,0.0,0.0,0.0,0.0,193.0,0.0,0.0,20000,-1000.0,-61.0,18939.0,365.5227
26,胥江,1,17.77,普通住宅,三香花园,高,0,0.0,107102840794,378.0,近地铁 三香花园精装四楼复式 露台朝南 业主诚心出售_苏州姑苏胥江三香花园二手房(苏州链家),2020-07-23,5室2厅,166.0, (共4层),22772,4,,2000.0,0.0,1.0,1.0,0.0,0.0,0.0,0.0,0.0,166.0,0.0,0.0,20000,-1000.0,1888.5,20888.5,346.7491
27,石路,2,31.26,普通住宅,凯旋花园,高,0,0.0,107102846415,309.0,石路旁边 凯旋花园复式 楼上附加面积超过100平米_苏州姑苏石路凯旋花园二手房(苏州链家),2020-07-24,7室3厅,139.86, (共6层),22094,6,,2000.0,0.0,1.0,1.0,0.0,0.0,0.0,0.0,0.0,139.0,0.0,0.0,20000,-1000.0,563.0000000000002,19563.0,271.9257
30,齐门,0,0.0,普通住宅,平齐花苑,低,0,0.0,107102798414,399.0,平齐花苑 一楼复式带汽车库 楼下90平不体现三开间朝南_苏州姑苏齐门平齐花苑二手房(苏州链家),2020-07-12,7室3厅,197.82, (共4层),20170,4,平齐花苑,2001.0,1.0,0.0,1.0,1.0,0.0,1.0,1.0,0.0,197.0,0.0,0.0,21000,-1500.0,500.0,20000.0,394.0
33,留园西园,1,11.67,普通住宅,春馨园D区,高,0,0.0,107102776101,210.0,春馨园 精装大户型 交通好 房间多 满足一大家子_苏州姑苏留园西园春馨园D区二手房(苏州链家),2020-07-08,4室2厅,120.0, (共5层),17500,5,,2000.0,0.0,1.0,1.0,0.0,0.0,0.0,0.0,0.0,120.0,0.0,0.0,20000,-1000.0,583.5,19583.5,235.002
36,虎丘,0,0.0,普通住宅,虎阜花园东区,高,0,0.0,107102778692,300.0,虎阜花园东区93平复式 产证面积160平 满两年 草桥_苏州姑苏虎丘虎阜花园东区二手房(苏州链家),2020-07-08,5室3厅,160.0, (共5层),18750,5,,2000.0,0.0,1.0,0.0,0.0,0.0,0.0,0.0,0.0,160.0,0.0,0.0,17000,-1000.0,-1000.0,15000.0,240.0
37,苏州大学,1,66.83,普通住宅,宏葑新村,高,0,0.0,107102780564,380.0,宏葑新村 4室2厅 380万_苏州姑苏苏州大学宏葑新村二手房(苏州链家),2020-07-09,4室2厅,145.0, (共5层),26207,5,,2000.0,0.0,1.0,1.0,0.0,0.0,0.0,0.0,0.0,145.0,0.0,0.0,20000,-1000.0,3341.5,22341.5,323.95175
43,南门,0,0.0,普通住宅,新桥巷,高,0,0.0,107102789255,215.0,满五唯一，房东自住精装修，二合一车库_苏州姑苏南门新桥巷二手房(苏州链家),2020-07-11,4室2厅,137.0, (共5层),15694,5,,2000.0,0.0,1.0,1.0,1.0,0.0,0.0,0.0,0.0,137.0,0.0,0.0,21000,-1000.0,-1000.0,19000.0,260.3
45,南门,0,0.0,普通住宅,泰华苑,高,0,0.0,107102789318,398.0,姑苏区，人民路，泰华苑，四楼复式有汽车库，诚售_苏州姑苏南门泰华苑二手房(苏州链家),2020-07-11,6室2厅,211.5, (共4层),18818,4,,2000.0,0.0,1.0,1.0,1.0,0.0,0.0,0.0,0.0,211.0,0.0,0.0,21000,-1000.0,0.0,20000.0,422.0
48,留园西园,1,9.12,普通住宅,春馨园D区,高,0,0.0,107102790969,199.0,房子复式顶带阁，视野开阔，房型好_苏州姑苏留园西园春馨园D区二手房(苏州链家),2020-07-11,4室2厅,108.03, (共5层),18421,5,,2000.0,0.0,1.0,1.0,0.0,0.0,0.0,0.0,0.0,108.0,0.0,0.0,20000,-1000.0,455.99999999999994,19456.0,210.1248
52,虎丘,0,0.0,普通住宅,虎阜花园东区,高,0,0.0,107102791917,220.0,此房采光好，视野佳，诚意出售，看房提前约_苏州姑苏虎丘虎阜花园东区二手房(苏州链家),2020-07-11,4室2厅,100.0, (共5层),22000,5,,2000.0,0.0,1.0,0.0,0.0,0.0,0.0,0.0,0.0,100.0,0.0,0.0,17000,-1000.0,-1000.0,15000.0,150.0
53,虎丘,0,0.0,普通住宅,虎阜花园东区,高,0,0.0,107102791943,250.0,虎阜花园东区 4室2厅 250万_苏州姑苏虎丘虎阜花园东区二手房(苏州链家),2020-07-11,4室2厅,122.0, (共5层),20492,5,,2000.0,0.0,1.0,0.0,0.0,0.0,0.0,0.0,0.0,122.0,0.0,0.0,17000,-1000.0,-1000.0,15000.0,183.0
54,胥江,0,0.0,普通住宅,梅亭苑,高,0,0.0,107102792447,234.0,梅亭苑 4室2厅 234万_苏州姑苏胥江梅亭苑二手房(苏州链家),2020-07-11,4室2厅,112.0, (共5层),20893,5,,2000.0,0.0,1.0,1.0,0.0,0.0,0.0,0.0,0.0,112.0,0.0,0.0,20000,-1000.0,-1000.0,18000.0,201.6
57,金门,0,0.0,普通住宅,三元二村,高,0,0.0,107102796275,240.0,西环地铁口 三元二村 装修一年多_苏州姑苏金门三元二村二手房(苏州链家),2020-07-12,4室2厅,141.85, (共7层),16920,7,,2000.0,0.0,1.0,1.0,0.0,0.0,0.0,0.0,0.0,141.0,0.0,0.0,20000,-1000.0,-3000.0,16000.0,225.6
59,娄门,1,7.99,普通住宅,日规路1号,高,0,0.0,107102798393,245.0,东环路 日规路1号 顶楼复式 采光好 满五年唯一_苏州姑苏娄门日规路1号二手房(苏州链家),2020-07-12,4室2厅,116.0, (共6层),21121,6,,2000.0,0.0,0.0,1.0,1.0,0.0,0.0,0.0,0.0,116.0,0.0,1.0,21000,-3000.0,1199.5,19199.5,222.7142
60,金阊新城,0,0.0,普通住宅,富强新苑二区,高,0,0.0,107102769783,310.0,富强新苑 大户顶楼复式 堪称空中小别墅全天采光_苏州姑苏金阊新城富强新苑二区二手房(苏州链家),2020-07-06,5室2厅,188.0, (共5层),16490,5,,2000.0,0.0,1.0,0.0,0.0,0.0,0.0,0.0,0.0,188.0,0.0,1.0,17000,-1000.0,600.0,16600.0,312.08
61,娄门,1,16.29,普通住宅,永林新村,高,0,0.0,107102713988,350.0,永林新村 4室2厅 350万_苏州姑苏娄门永林新村二手房(苏州链家),2020-06-24,4室2厅,158.0, (共4层),22152,4,,2000.0,0.0,1.0,1.0,1.0,0.0,0.0,0.0,0.0,158.0,0.0,0.0,21000,-1000.0,1814.5,21814.5,344.6691
64,金门,0,0.0,普通住宅,金门路386号,高,0,0.0,107102721898,255.0,97年房龄 机械新村 金门路386号 边户顶楼复式 带车库_苏州姑苏金门金门路386号二手房(苏州链家),2020-06-26,4室3厅,118.0, (共5层),21611,5,,2000.0,0.0,0.0,1.0,0.0,0.0,0.0,0.0,0.0,118.0,0.0,1.0,20000,-3000.0,700.0,17700.0,208.86
68,沧浪新城,0,0.0,普通住宅,水香六村,高,0,0.0,107102730421,350.0,此房包含汽车库 房型正 户型通透_苏州姑苏沧浪新城水香六村二手房(苏州链家),2020-06-27,6室3厅,210.0, (共6层),16667,6,,2000.0,0.0,1.0,0.0,0.0,0.0,0.0,0.0,0.0,210.0,0.0,0.0,17000,-1000.0,-2000.0,14000.0,294.0
75,沧浪新城,1,6.93,普通住宅,长欣苑南区,高,0,0.0,107102745849,270.0,地铁口，  满五唯一，车位跟房走有车库，_苏州姑苏沧浪新城长欣苑南区二手房(苏州链家),2020-07-01,4室2厅,157.5, (共5层),17143,5,,2000.0,0.0,1.0,0.0,0.0,0.0,0.0,0.0,0.0,157.0,0.0,0.0,17000,-1000.0,346.5,16346.5,256.64005
76,金门,0,0.0,普通住宅,阊胥路102号,高,0,0.0,107102746426,370.0,阊胥路102号精装修房子 南浩街 红旗新村_苏州姑苏金门阊胥路102号二手房(苏州链家),2020-07-01,6室2厅,197.0, (共5层),18782,5,,2000.0,0.0,0.0,1.0,0.0,0.0,0.0,0.0,0.0,197.0,0.0,0.0,20000,-3000.0,-1000.0,16000.0,315.2
78,平江新城,0,0.0,普通住宅,梅花新村,高,0,0.0,107102748618,179.0,此房在售，，，，，，，，，，，，，，，，，_苏州姑苏平江新城梅花新村二手房(苏州链家),2020-07-01,4室2厅,120.0, (共6层),14917,6,,2000.0,0.0,1.0,0.0,0.0,0.0,0.0,0.0,0.0,120.0,0.0,0.0,17000,-1000.0,-2000.0,14000.0,168.0
79,胥江,0,0.0,普通住宅,梅亭苑,高,0,0.0,107102748824,245.0,四楼复式  带28平独立产证的车库。_苏州姑苏胥江梅亭苑二手房(苏州链家),2020-07-01,4室2厅,106.0, (共4层),23114,4,,2000.0,0.0,1.0,1.0,0.0,0.0,0.0,0.0,0.0,106.0,0.0,0.0,20000,-1000.0,0.0,19000.0,201.4
80,胥江,1,12.97,普通住宅,润达新村,高,0,0.0,107102749394,244.0,润达新村4房2卫小区中间位置，带独立自行车库_苏州姑苏胥江润达新村二手房(苏州链家),2020-07-02,5室2厅,108.0, (共6层),22593,6,,2000.0,0.0,1.0,1.0,0.0,0.0,0.0,0.0,0.0,108.0,0.0,0.0,20000,-1000.0,-351.4999999999999,18648.5,201.4038
82,平江新城,0,0.0,普通住宅,梅花新村,高,0,0.0,107102755736,245.0,梅花新村 7室2厅 245万_苏州姑苏平江新城梅花新村二手房(苏州链家),2020-07-03,7室2厅,150.0, (共6层),16334,6,,2000.0,0.0,1.0,0.0,0.0,0.0,0.0,0.0,0.0,150.0,0.0,0.0,17000,-1000.0,-2000.0,14000.0,210.0
83,虎丘,1,8.24,普通住宅,虎阜花园西区,高,0,0.0,107102756472,290.0,此房满二年，小区门口有6号线站台，阳光充足！_苏州姑苏虎丘虎阜花园西区二手房(苏州链家),2020-07-03,4室2厅,147.0, (共5层),19728,5,,2000.0,0.0,1.0,0.0,0.0,0.0,0.0,0.0,0.0,147.0,0.0,0.0,17000,-1000.0,412.00000000000006,16412.0,241.2564
84,留园西园,0,0.0,别墅,桐邨,低,1,26.12,107102760372,750.0,桐邨，下叠别墅，全新纯毛坯，带花园，有汽车库！_苏州姑苏留园西园桐邨二手房(苏州链家),2020-07-04,5室3厅,290.91, (共1层),25782,1,,2000.0,0.0,1.0,1.0,0.0,0.0,0.0,0.0,0.0,290.0,1.0,0.0,20000,-1000.0,7306.0,26306.0,710.2572700000001
86,沧浪新城,1,10.46,普通住宅,承信小区,高,0,0.0,107102762460,375.0,房东诚售，户型正气，采光好，带独立汽车库河自行车库_苏州姑苏沧浪新城承信小区二手房(苏州链家),2020-07-04,5室2厅,191.7, (共5层),19562,5,,2000.0,0.0,1.0,0.0,0.0,0.0,0.0,0.0,0.0,191.0,0.0,0.0,17000,-1000.0,523.0,16523.0,315.5893
88,留园西园,0,0.0,普通住宅,莲花新村（姑苏）,高,0,0.0,107102763445,224.8,莲花新村 好房出售 拎包入住  看房方便 诚心出售_苏州姑苏留园西园莲花新村（姑苏）二手房(苏州链家),2020-07-04,4室2厅,126.0, (共5层),17842,5,,2000.0,0.0,1.0,1.0,0.0,0.0,0.0,0.0,0.0,126.0,0.0,0.0,20000,-1000.0,-1000.0,18000.0,226.8
89,葑门,0,0.0,普通住宅,现代花园,高,0,0.0,107102766142,204.0,此房满五唯一 4房朝南 格局好 视野开阔 交通便利_苏州姑苏葑门现代花园二手房(苏州链家),2020-07-05,4室2厅,97.48, (共5层),20928,5,,2000.0,0.0,1.0,1.0,0.0,0.0,0.0,0.0,0.0,97.0,0.0,0.0,20000,-1000.0,-1000.0,18000.0,174.6
92,留园西园,0,0.0,普通住宅,莲花新村（姑苏）,高,0,0.0,107102675467,190.0,莲花新村（姑苏） 4室1厅 190万_苏州姑苏留园西园莲花新村（姑苏）二手房(苏州链家),2020-06-14,4室1厅,77.82, (共5层),24416,5,,2000.0,0.0,1.0,1.0,0.0,0.0,0.0,0.0,0.0,77.0,0.0,0.0,20000,-1000.0,-1000.0,18000.0,138.6
96,南门,2,19.03,普通住宅,大龙港新村,高,0,0.0,107102679481,280.0,2001年商品房，精装修，拎包直接入住，离地铁站近_苏州姑苏南门大龙港新村二手房(苏州链家),2020-06-15,4室3厅,135.27, (共6层),20700,6,,2000.0,0.0,1.0,1.0,1.0,0.0,0.0,0.0,0.0,135.0,0.0,0.0,21000,-1000.0,-48.5,19951.5,269.34525
99,金门,3,39.85,普通住宅,三香弄八号小区,高,0,0.0,107102680894,236.0,三香弄八号小区 4室2厅 236万_苏州姑苏金门三香弄八号小区二手房(苏州链家),2020-06-16,4室2厅,135.0, (共6层),17482,6,,2000.0,0.0,0.0,1.0,0.0,0.0,0.0,0.0,0.0,135.0,0.0,0.0,20000,-3000.0,992.5000000000002,17992.5,242.89875
100,平江新城,0,0.0,普通住宅,梅花三村,高,0,0.0,107102685082,205.0,梅花三村 顶楼复式 4房 不满2年_苏州姑苏平江新城梅花三村二手房(苏州链家),2020-06-17,4室2厅,98.86, (共5层),20737,5,,2000.0,0.0,1.0,0.0,0.0,0.0,0.0,0.0,0.0,98.0,0.0,1.0,17000,-1000.0,-930.4066356463686,15069.593364353632,147.6820149706656
103,齐门,3,28.1,普通住宅,东蒋家场,高,0,0.0,107102689301,358.0,政园小区旁，晋府别墅旁，近拙政园，四楼复式，似上叠_苏州姑苏齐门东蒋家场二手房(苏州链家),2020-06-18,4室2厅,166.0, (共4层),21567,4,东蒋家场,2001.0,0.0,0.0,1.0,1.0,1.0,0.0,0.0,0.0,166.0,1.0,0.0,23000,-3000.0,7405.0,27405.0,454.923
105,胥江,1,11.44,普通住宅,金桥新村,高,0,0.0,107102690600,220.0,满五唯一  轻轨2号线 复式精装修 带16平独库 价格可谈_苏州姑苏胥江金桥新村二手房(苏州链家),2020-06-18,4室2厅,118.92, (共6层),18500,6,,2000.0,0.0,1.0,1.0,0.0,0.0,0.0,0.0,0.0,118.0,0.0,0.0,20000,-1000.0,-428.0,18572.0,219.1496
114,胥江,2,14.74,普通住宅,巴桥头新村,高,0,0.0,107102705191,210.0,巴桥头新村，复式四居，自住装修，看房方便_苏州姑苏胥江巴桥头新村二手房(苏州链家),2020-06-21,4室1厅,99.3, (共6层),21149,6,,2000.0,0.0,1.0,1.0,0.0,0.0,0.0,0.0,0.0,99.0,0.0,0.0,20000,-1000.0,-263.0,18737.0,185.4963
116,胥江,1,18.23,普通住宅,劳动路550号,高,0,0.0,107102707100,285.0,轻轨二号线 龙湖天街旁劳动路550号 复式房 带有大晒台_苏州姑苏胥江劳动路550号二手房(苏州链家),2020-06-22,4室2厅,150.0, (共5层),19000,5,,2000.0,0.0,0.0,1.0,0.0,0.0,0.0,0.0,0.0,150.0,0.0,0.0,20000,-3000.0,911.5,17911.5,268.6725
121,沧浪新城,2,17.85,普通住宅,友联一村,高,0,0.0,107102637778,219.0,大阳台大露台，明厨明卫，两房朝南户型正气，随时可签_苏州姑苏沧浪新城友联一村二手房(苏州链家),2020-06-06,4室2厅,105.0, (共6层),20858,6,,2000.0,0.0,1.0,0.0,0.0,0.0,0.0,0.0,0.0,105.0,0.0,0.0,17000,-1000.0,-107.49999999999989,15892.5,166.87125
123,娄门,1,20.09,普通住宅,永林北区,高,0,0.0,107102640056,398.0,永林北区，5楼复式，双平江，带2汽车位，1电瓶车库_苏州姑苏娄门永林北区二手房(苏州链家),2020-06-07,5室3厅,200.0, (共5层),19900,5,,2000.0,0.0,1.0,1.0,1.0,0.0,0.0,0.0,0.0,200.0,0.0,0.0,21000,-1000.0,1004.5,21004.5,420.09
126,沧浪新城,2,16.92,普通住宅,友联二村,高,0,0.0,107102640682,230.0,友联二村 地铁口 自住精装四房 诚意出售_苏州姑苏沧浪新城友联二村二手房(苏州链家),2020-06-07,4室2厅,106.5, (共6层),21597,6,,2000.0,0.0,1.0,0.0,0.0,0.0,0.0,0.0,0.0,106.0,0.0,0.0,17000,-1000.0,-153.9999999999999,15846.0,167.9676
127,胥江,1,11.56,普通住宅,润达新村,高,0,0.0,107102644584,295.0,润达新村顶复 楼下115.17平楼上68平，带独立自行车库_苏州姑苏胥江润达新村二手房(苏州链家),2020-06-08,6室3厅,149.17, (共5层),19777,5,,2000.0,0.0,1.0,1.0,0.0,0.0,0.0,0.0,0.0,149.0,0.0,1.0,20000,-1000.0,588.8265737078494,19588.82657370785,291.87351594824696
134,南门,1,10.8,普通住宅,盘门雅苑,高,0,0.0,107102651750,415.0,此房为全明格局，，前排无遮挡，采光充足。_苏州姑苏南门盘门雅苑二手房(苏州链家),2020-06-09,4室2厅,172.0, (共5层),24128,5,,2000.0,0.0,1.0,1.0,1.0,0.0,0.0,0.0,0.0,172.0,0.0,0.0,21000,-1000.0,540.0,20540.0,353.288
138,金门,0,0.0,普通住宅,新元路20号,高,0,0.0,107102659013,300.0,满五年 精装修，环境优美 格局好 通风好 楼层好_苏州姑苏金门新元路20号二手房(苏州链家),2020-06-11,4室2厅,136.0, (共4层),22059,4,,2000.0,0.0,0.0,1.0,0.0,0.0,0.0,0.0,0.0,136.0,0.0,0.0,20000,-3000.0,0.0,17000.0,231.2
141,留园西园,1,12.9,普通住宅,御庭苑,高,0,0.0,107102662116,328.5,御庭苑大复式，户型好，自行车库，看房有钥匙_苏州姑苏留园西园御庭苑二手房(苏州链家),2020-06-12,4室2厅,153.0, (共5层),21471,5,,2000.0,0.0,1.0,1.0,0.0,0.0,0.0,0.0,0.0,153.0,0.0,0.0,20000,-1000.0,645.0,19645.0,300.5685
142,留园西园,0,0.0,普通住宅,长盛花园,高,0,0.0,107102662140,338.0,长盛花园，精装修，独库，自住， 诚心出售，看中可谈_苏州姑苏留园西园长盛花园二手房(苏州链家),2020-06-12,5室2厅,156.0, (共4层),21667,4,,2000.0,0.0,1.0,1.0,0.0,0.0,0.0,0.0,0.0,156.0,0.0,0.0,20000,-1000.0,0.0,19000.0,296.4
143,留园西园,1,10.87,普通住宅,春馨园B区,高,0,0.0,107102662167,218.0,急售春馨园5楼复式户型正气独库使用面积大生活便利_苏州姑苏留园西园春馨园B区二手房(苏州链家),2020-06-12,4室2厅,121.0, (共5层),18017,5,,2000.0,0.0,1.0,1.0,0.0,0.0,0.0,0.0,0.0,121.0,0.0,0.0,20000,-1000.0,543.5,19543.5,236.47635
146,留园西园,1,5.3,普通住宅,闻钟苑一区,高,0,0.0,107102664327,246.0,"闻钟苑，顶楼复式，五室多厅多卫，带大晒台,诚心出售_苏州姑苏留园西园闻钟苑一区二手房(苏州链家)",2020-06-12,5室3厅,99.9, (共5层),24625,5,,2000.0,0.0,1.0,1.0,0.0,0.0,0.0,0.0,0.0,99.0,0.0,1.0,20000,-1000.0,350.58558558558616,19350.585585585584,191.57079729729728
147,胥江,0,0.0,普通住宅,润达新村,高,0,0.0,107102666531,218.0,买一套得两套 四室两厅两厨两卫 精装拎包入住_苏州姑苏胥江润达新村二手房(苏州链家),2020-06-12,4室2厅,97.2, (共6层),22428,6,,2000.0,0.0,1.0,1.0,0.0,0.0,0.0,0.0,0.0,97.0,0.0,0.0,20000,-1000.0,-2000.0,17000.0,164.9
148,留园西园,0,0.0,别墅,玖园,低,0,0.0,107102670313,760.0,有钥匙 市区新上联排别墅 满五年南北院子 价格可谈_苏州姑苏留园西园玖园二手房(苏州链家),2020-06-13,5室2厅,343.98, (共3层),22095,3,,2000.0,0.0,1.0,1.0,0.0,0.0,0.0,0.0,0.0,343.0,1.0,0.0,20000,-1000.0,5000.0,24000.0,750.6212
149,胥江,0,0.0,普通住宅,梅亭苑,高,0,0.0,107102671249,220.0,梅亭苑 精装复式 业主自住 保养好 独库 南北通风_苏州姑苏胥江梅亭苑二手房(苏州链家),2020-06-13,4室2厅,132.0, (共5层),16667,5,,2000.0,0.0,1.0,1.0,0.0,0.0,0.0,0.0,0.0,132.0,0.0,0.0,20000,-1000.0,-1000.0,18000.0,237.6
150,葑门,1,14.91,普通住宅,现代花园,高,0,0.0,107102637420,334.5,现代花园二期 精装复式 两层分开互不打扰 带独立车库_苏州姑苏葑门现代花园二手房(苏州链家),2020-06-06,7室3厅,161.0, (共5层),20777,5,,2000.0,0.0,1.0,1.0,0.0,0.0,0.0,0.0,0.0,161.0,0.0,0.0,20000,-1000.0,745.5,19745.5,317.90255
151,沧浪新城,2,24.28,普通住宅,友联一村,高,0,0.0,107102597826,215.0,精装复式，五房两厅两卫，有独立自行车库，有汽车位！_苏州姑苏沧浪新城友联一村二手房(苏州链家),2020-05-29,5室2厅,147.0, (共5层),14626,5,,2000.0,0.0,1.0,0.0,0.0,0.0,0.0,0.0,0.0,147.0,0.0,0.0,17000,-1000.0,1214.0,17214.0,253.0458
152,平江新城,1,21.36,普通住宅,汇翠花园,高,0,0.0,107102598279,350.0,汇翠花园 楼下大三室  南北露台 草桥 平江_苏州姑苏平江新城汇翠花园二手房(苏州链家),2020-05-29,4室3厅,175.82, (共6层),19907,6,,2000.0,0.0,1.0,0.0,0.0,0.0,0.0,0.0,0.0,175.0,0.0,0.0,17000,-1000.0,68.0,16068.0,281.19
155,南门,1,11.2,普通住宅,盘门雅苑,高,0,0.0,107102604159,373.0,2007年商品房；产证面积173全体现；价格包含汽车库_苏州姑苏南门盘门雅苑二手房(苏州链家),2020-05-30,4室2厅,173.3, (共5层),21524,5,,2000.0,0.0,1.0,1.0,1.0,0.0,0.0,0.0,0.0,173.0,0.0,0.0,21000,-1000.0,559.9999999999999,20560.0,355.688
156,南门,2,25.08,普通住宅,西二路散盘,高,0,0.0,107102606469,260.0,总价低，地段好，交通方便 小区环境好，配套完善_苏州姑苏南门西二路散盘二手房(苏州链家),2020-05-31,4室2厅,131.25, (共4层),19810,4,,2000.0,0.0,0.0,1.0,1.0,0.0,0.0,0.0,0.0,131.0,0.0,0.0,21000,-3000.0,2254.0,20254.0,265.3274
158,苏州大学,3,27.37,普通住宅,相门后庄12号,高,0,0.0,107102607162,270.0,四房 楼上楼下层高都一样 共3个大露台 看房有钥匙_苏州姑苏苏州大学相门后庄12号二手房(苏州链家),2020-05-31,4室2厅,134.0, (共6层),20150,6,,2000.0,0.0,0.0,1.0,0.0,0.0,0.0,0.0,0.0,134.0,0.0,0.0,20000,-3000.0,368.5,17368.5,232.7379
159,胥江,3,34.8,普通住宅,桐馨苑,高,0,0.0,107102607447,215.0,二号线地铁口，大四房自住精装看房方便！_苏州姑苏胥江桐馨苑二手房(苏州链家),2020-05-31,4室2厅,157.0, (共6层),13695,6,,2000.0,0.0,1.0,1.0,0.0,0.0,0.0,0.0,0.0,157.0,0.0,0.0,20000,-1000.0,739.9999999999998,19740.0,309.918
160,南门,2,52.41,普通住宅,东大街12号院,低,0,0.0,107102607897,485.0,房东诚心出售，精装复式，车位车库齐全满二，采光充足_苏州姑苏南门东大街12号院二手房(苏州链家),2020-05-31,5室3厅,230.0, (共3层),21087,3,,2000.0,0.0,0.0,1.0,1.0,0.0,0.0,0.0,0.0,230.0,0.0,0.0,21000,-3000.0,4120.5,22120.5,496.2627775
163,平江新城,0,0.0,普通住宅,新天地家园北区,高,0,0.0,107102608914,355.0,新天地家园北区  经典大户 刚需 改善_苏州姑苏平江新城新天地家园北区二手房(苏州链家),2020-05-31,5室2厅,200.0, (共5层),17750,5,,2000.0,0.0,1.0,0.0,0.0,0.0,0.0,0.0,0.0,200.0,0.0,0.0,17000,-1000.0,-1000.0,15000.0,300.0
165,娄门,1,15.4,普通住宅,永林新村,高,0,0.0,107102612063,450.0,此房位置好，采光无遮拦，交通便利，出行方便！_苏州姑苏娄门永林新村二手房(苏州链家),2020-06-01,5室2厅,201.78, (共6层),22302,6,,2000.0,0.0,1.0,1.0,1.0,0.0,0.0,0.0,0.0,201.0,0.0,0.0,21000,-1000.0,-230.0,19770.0,397.377
168,金阊新城,0,0.0,普通住宅,富强新苑二区,高,0,0.0,107102618456,288.0,此房产证满2年，使用面积大，自住装修，分了两户_苏州姑苏金阊新城富强新苑二区二手房(苏州链家),2020-06-02,5室2厅,187.96, (共5层),15323,5,,2000.0,0.0,1.0,0.0,0.0,0.0,0.0,0.0,0.0,187.0,0.0,0.0,17000,-1000.0,-1000.0,15000.0,280.5
169,平江路,2,22.46,普通住宅,富乡小区,高,0,0.0,107102619222,370.0,平江实小本部，自住精装修，五楼复式业主诚意出售_苏州姑苏平江路富乡小区二手房(苏州链家),2020-06-02,4室2厅,150.3, (共5层),24618,5,,2000.0,0.0,1.0,1.0,1.0,1.0,0.0,0.0,0.0,150.0,0.0,0.0,23000,-1000.0,1123.0,23123.0,346.845
173,胥江,1,23.8,普通住宅,新康花园,高,0,0.0,107102628190,445.0,新康花园 近桐泾公园 带独立自行车库_苏州姑苏胥江新康花园二手房(苏州链家),2020-06-04,5室2厅,202.0, (共6层),22030,6,,2000.0,0.0,1.0,1.0,0.0,0.0,0.0,0.0,0.0,202.0,0.0,0.0,20000,-1000.0,190.0,19190.0,387.638
174,南门,0,0.0,普通住宅,南华公寓,高,0,0.0,107102628542,189.0,近南环汇邻广场， 团结桥购物城 沃尔玛 ，配套齐全_苏州姑苏南门南华公寓二手房(苏州链家),2020-06-04,4室1厅,87.0, (共5层),21725,5,,2000.0,0.0,1.0,1.0,1.0,0.0,0.0,0.0,0.0,87.0,0.0,0.0,21000,-1000.0,-1000.0,19000.0,165.3
175,沧浪新城,1,4.2,普通住宅,友联二村,高,0,0.0,107102628885,190.0,友联二村  满五唯一  四房 带车库 南北顶复双露台_苏州姑苏沧浪新城友联二村二手房(苏州链家),2020-06-04,4室2厅,96.65, (共6层),19659,6,,2000.0,0.0,1.0,0.0,0.0,0.0,0.0,0.0,0.0,96.0,0.0,1.0,17000,-1000.0,-736.197620279358,15263.802379720642,146.53250284531816
177,留园西园,4,70.8,别墅,玖园,低,1,23.1,107102633393,880.0,市区虎丘联排 园林风格别墅 两车库车位 有钥匙_苏州姑苏留园西园玖园二手房(苏州链家),2020-06-05,5室2厅,382.5, (共2层),23007,2,,2000.0,0.0,1.0,1.0,0.0,0.0,0.0,0.0,0.0,382.0,1.0,0.0,20000,-1000.0,11695.0,30695.0,1024.992141
178,胥江,1,22.87,普通住宅,解放新村,高,0,0.0,107102636586,192.0,解放新村复式 带阁楼露台 满五唯一_苏州姑苏胥江解放新村二手房(苏州链家),2020-06-06,4室2厅,85.63, (共6层),22423,6,,2000.0,0.0,1.0,1.0,0.0,0.0,0.0,0.0,0.0,85.0,0.0,1.0,20000,-1000.0,213.39372883335227,19213.39372883335,163.31384669508347
183,金阊新城,1,3.32,普通住宅,富强新苑二区,高,0,0.0,107102566639,210.0,富强新苑二区，采光好，户型正气，可随时看房_苏州姑苏金阊新城富强新苑二区二手房(苏州链家),2020-05-22,4室2厅,120.0, (共5层),17500,5,,2000.0,0.0,1.0,0.0,0.0,0.0,0.0,0.0,0.0,120.0,0.0,0.0,17000,-1000.0,165.99999999999997,16166.0,193.992
185,南门,3,32.059999999999995,普通住宅,盘溪新村上沙苑,高,0,0.0,107102568141,328.0,盘溪新村上沙苑，中间位置，品质房源。_苏州姑苏南门盘溪新村上沙苑二手房(苏州链家),2020-05-22,4室2厅,151.74, (共4层),21616,4,盘溪新村上沙苑,1996.0,0.0,0.0,1.0,0.0,0.0,0.0,0.0,0.0,151.0,0.0,0.0,20000,-5000.0,2603.0,17603.0,265.8053
191,留园西园,1,8.18,普通住宅,清塘新村,高,0,0.0,107102574127,180.0,顶楼复式四房，户型正气，带汽车独库_苏州姑苏留园西园清塘新村二手房(苏州链家),2020-05-23,4室2厅,110.0, (共5层),16364,5,,2000.0,0.0,1.0,1.0,0.0,0.0,0.0,0.0,0.0,110.0,0.0,1.0,20000,-1000.0,2309.0,21309.0,234.399
192,沧浪新城,2,17.98,普通住宅,福星小区,高,0,0.0,107102576363,360.0,此房满五年，楼层好，视野开阔，四楼复式_苏州姑苏沧浪新城福星小区二手房(苏州链家),2020-05-24,4室2厅,166.76, (共4层),21588,4,,2000.0,0.0,1.0,0.0,0.0,0.0,0.0,0.0,0.0,166.0,0.0,0.0,17000,-1000.0,1899.0,17899.0,297.1234
193,留园西园,1,16.62,普通住宅,御庭苑,高,0,0.0,107102577336,320.0,御庭苑 品质小区 精装修  价格便宜 适合居住_苏州姑苏留园西园御庭苑二手房(苏州链家),2020-05-24,4室2厅,132.0, (共5层),24243,5,,2000.0,0.0,1.0,1.0,0.0,0.0,0.0,0.0,0.0,132.0,0.0,0.0,20000,-1000.0,831.0000000000001,19831.0,261.7692
194,沧浪新城,1,7.74,普通住宅,水香六村,高,0,0.0,107102577999,239.0,水香，复式楼层，自住装修，出行方便，诚心出售_苏州姑苏沧浪新城水香六村二手房(苏州链家),2020-05-24,4室2厅,114.73, (共5层),20832,5,,2000.0,0.0,1.0,0.0,0.0,0.0,0.0,0.0,0.0,114.0,0.0,0.0,17000,-1000.0,387.0,16387.0,186.8118
196,平江新城,1,3.7,普通住宅,梅花新村,高,0,0.0,107102579821,260.0,新上！复式大六房！一家人住！业主诚售！看房随时！_苏州姑苏平江新城梅花新村二手房(苏州链家),2020-05-25,6室2厅,135.0, (共6层),19260,6,,2000.0,0.0,1.0,0.0,0.0,0.0,0.0,0.0,0.0,135.0,0.0,0.0,17000,-1000.0,-815.0,15185.0,204.9975
200,留园西园,1,6.18,普通住宅,冠云花园,高,0,0.0,107102581138,289.0,户型正气，采光充足带阁楼  业主自住装修 带南北露台_苏州姑苏留园西园冠云花园二手房(苏州链家),2020-05-25,4室2厅,190.0, (共5层),15211,5,,2000.0,0.0,1.0,1.0,0.0,0.0,0.0,0.0,0.0,190.0,0.0,1.0,20000,-1000.0,2209.0,21209.0,402.971
201,胥江,1,15.68,普通住宅,新康花园,高,0,0.0,107102581206,275.0,新康花园兰雪苑 居中位置 产证面积158.23平带大露台_苏州姑苏胥江新康花园二手房(苏州链家),2020-05-25,4室2厅,158.23, (共6层),17380,6,,2000.0,0.0,1.0,1.0,0.0,0.0,0.0,0.0,0.0,158.0,0.0,0.0,20000,-1000.0,-216.0,18784.0,296.7872
205,胥江,3,30.4,普通住宅,新康花园,高,0,0.0,107102587354,425.0,南北双露台带汽车库自行车库免费车位拎包入住诚心出售_苏州姑苏胥江新康花园二手房(苏州链家),2020-05-26,5室3厅,200.0, (共5层),21250,5,,2000.0,0.0,1.0,1.0,0.0,0.0,0.0,0.0,0.0,200.0,0.0,0.0,20000,-1000.0,1520.0,20520.0,410.4
207,娄门,1,9.37,普通住宅,塘坊苑,高,0,0.0,107102590050,255.0,塘坊苑，精装修4房朝南，15平北晒台，车库12平方_苏州姑苏娄门塘坊苑二手房(苏州链家),2020-05-27,4室2厅,104.49, (共5层),24405,5,,2000.0,0.0,1.0,1.0,1.0,0.0,0.0,0.0,0.0,104.0,0.0,0.0,21000,-1000.0,468.5,20468.5,212.8724
210,胥江,2,15.27,普通住宅,劳动路550号,高,0,0.0,107102560033,245.0,满五年，近地铁，复式利用空间大_苏州姑苏胥江劳动路550号二手房(苏州链家),2020-05-21,4室2厅,124.15, (共5层),19735,5,,2000.0,0.0,0.0,1.0,0.0,0.0,0.0,0.0,0.0,124.0,0.0,0.0,20000,-3000.0,763.5,17763.5,220.2674
213,南门,1,17.26,普通住宅,南环花苑,高,0,0.0,107102526013,300.0,南环菜场旁南环花苑五楼顶复2000年房龄超大汽车库_苏州姑苏南门南环花苑二手房(苏州链家),2020-05-13,4室2厅,120.0, (共5层),25000,5,,2000.0,0.0,1.0,1.0,1.0,0.0,0.0,0.0,0.0,120.0,0.0,1.0,21000,-1000.0,2863.0,22863.0,274.356
214,胥江,1,7.57,普通住宅,胥江路136号,高,0,0.0,107102526133,236.0,胥江路136号 五楼复式80+40平 有汽车库_苏州姑苏胥江胥江路136号二手房(苏州链家),2020-05-13,4室3厅,120.0, (共6层),19667,6,,2000.0,0.0,0.0,1.0,0.0,0.0,0.0,0.0,0.0,120.0,0.0,0.0,20000,-3000.0,-621.5,16378.5,196.542
217,平江新城,1,8.8,普通住宅,梅花新村,高,0,0.0,107102530660,200.0,梅花新顶复，装修好保养佳，小区中间位置，看房随时_苏州姑苏平江新城梅花新村二手房(苏州链家),2020-05-14,4室1厅,114.0, (共6层),17544,6,,2000.0,0.0,1.0,0.0,0.0,0.0,0.0,0.0,0.0,114.0,0.0,1.0,17000,-1000.0,1040.0,17040.0,194.256
218,金门,1,9.02,普通住宅,新元二村,高,0,0.0,107102532298,326.0,自住精装5楼复式，客厅挑高采光通透 业主订房急售_苏州姑苏金门新元二村二手房(苏州链家),2020-05-15,5室2厅,184.08, (共5层),17710,5,,2000.0,0.0,1.0,1.0,0.0,0.0,0.0,0.0,0.0,184.0,0.0,0.0,20000,-1000.0,450.99999999999994,19451.0,357.8984
220,平江新城,0,0.0,普通住宅,梅花三村,高,0,0.0,107102534056,200.0,此房满五年，顶楼复式，采光好，户型正气，全明户型_苏州姑苏平江新城梅花三村二手房(苏州链家),2020-05-15,4室2厅,98.86, (共5层),20231,5,,2000.0,0.0,1.0,0.0,0.0,0.0,0.0,0.0,0.0,98.0,0.0,1.0,17000,-1000.0,-930.4066356463686,15069.593364353632,147.6820149706656
223,金门,1,9.3,普通住宅,彩香二村,高,0,0.0,107102541525,276.0,彩香二村 户型方正  采光充足  生活配套设施齐全_苏州姑苏金门彩香二村二手房(苏州链家),2020-05-17,5室2厅,138.0, (共6层),20000,6,,2000.0,0.0,1.0,1.0,0.0,0.0,0.0,0.0,0.0,138.0,0.0,0.0,20000,-1000.0,-535.0,18465.0,254.817
224,金阊新城,0,0.0,普通住宅,富强新苑一区,高,0,0.0,107102542682,210.0,精装 4房   富强大户   喜欢的可以看看_苏州姑苏金阊新城富强新苑一区二手房(苏州链家),2020-05-17,4室2厅,117.0, (共5层),17949,5,,2000.0,0.0,1.0,0.0,0.0,0.0,0.0,0.0,0.0,117.0,0.0,0.0,17000,-1000.0,-1000.0,15000.0,175.5
226,金门,0,0.0,普通住宅,彩香一村三区,低,0,0.0,107102543084,320.0,彩香一村三区 大户型  诚心出售 房龄狠新_苏州姑苏金门彩香一村三区二手房(苏州链家),2020-05-17,4室2厅,137.53, (共4层),23268,4,,2000.0,0.0,1.0,1.0,0.0,0.0,0.0,0.0,0.0,137.0,0.0,0.0,20000,-1000.0,500.0,19500.0,267.15
229,桃花坞,0,0.0,普通住宅,高师巷散盘,低,0,0.0,107102544561,498.0,此房满五不唯一中式装修，位于东中市实小和景范中间_苏州姑苏桃花坞高师巷散盘二手房(苏州链家),2020-05-17,5室3厅,199.0, (共2层),25026,2,高师巷散盘,1998.0,0.0,0.0,1.0,1.0,1.0,1.0,1.0,0.0,199.0,1.0,0.0,23000,-2500.0,5000.0,25500.0,496.758725
230,胥江,1,17.74,普通住宅,银桥新村,高,0,0.0,107102544980,335.0,红房子四楼复式，带晒台，带汽车库，有钥匙，诚心出售_苏州姑苏胥江银桥新村二手房(苏州链家),2020-05-17,4室3厅,146.0, (共4层),22946,4,,2000.0,0.0,1.0,1.0,0.0,0.0,0.0,0.0,0.0,146.0,0.0,0.0,20000,-1000.0,1887.0,20887.0,304.9502
231,石路,2,33.09,普通住宅,新风巷78号,高,0,0.0,107102546806,240.0,石路地铁 新风巷 楼下107楼上107 南北大露台 户型方正_苏州姑苏石路新风巷78号二手房(苏州链家),2020-05-18,4室2厅,107.44, (共5层),22339,5,,2000.0,0.0,0.0,1.0,0.0,0.0,0.0,0.0,0.0,107.0,0.0,0.0,20000,-3000.0,1654.5,18654.5,199.60315
232,留园西园,1,13.94,普通住宅,新庄二村,高,0,0.0,107102547965,180.0,新庄二村顶楼复式，有个大楼台，得房率高_苏州姑苏留园西园新庄二村二手房(苏州链家),2020-05-18,4室2厅,99.0, (共5层),18182,5,,2000.0,0.0,1.0,1.0,0.0,0.0,0.0,0.0,0.0,99.0,0.0,1.0,20000,-1000.0,2597.0,21597.0,213.8103
233,胥江,1,7.68,普通住宅,东方苑（胥江）,高,0,0.0,107102551454,338.0,东方苑 胥江路，地铁口，精装，_苏州姑苏胥江东方苑（胥江）二手房(苏州链家),2020-05-19,5室2厅,180.0, (共6层),18778,6,,2000.0,0.0,1.0,1.0,0.0,0.0,0.0,0.0,0.0,180.0,0.0,0.0,20000,-1000.0,-616.0,18384.0,330.912
238,南门,0,0.0,普通住宅,西二路散盘,高,0,0.0,107102556432,226.0,总价低，地段好，交通方便 小区环境好，配套完善_苏州姑苏南门西二路散盘二手房(苏州链家),2020-05-20,5室2厅,130.0, (共5层),17385,5,,2000.0,0.0,0.0,1.0,1.0,0.0,0.0,0.0,0.0,130.0,0.0,0.0,21000,-3000.0,-1000.0,17000.0,221.0
239,沧浪新城,1,13.06,普通住宅,水香六村,高,0,0.0,107102558139,308.0,精装复式，三房朝南，厨房卫生间带窗，楼上南北晒台_苏州姑苏沧浪新城水香六村二手房(苏州链家),2020-05-20,4室2厅,190.0, (共5层),16211,5,,2000.0,0.0,1.0,0.0,0.0,0.0,0.0,0.0,0.0,190.0,0.0,0.0,17000,-1000.0,653.0,16653.0,316.407
241,南门,1,3.62,普通住宅,南华公寓,高,0,0.0,107102500152,258.0,05年新的南环公寓 5楼复式 带晒台 有独立车库_苏州姑苏南门南华公寓二手房(苏州链家),2020-05-08,5室2厅,127.24, (共5层),20277,5,,2000.0,0.0,1.0,1.0,1.0,0.0,0.0,0.0,0.0,127.0,0.0,0.0,21000,-1000.0,181.0,20181.0,256.2987
246,留园西园,1,7.36,普通住宅,倪家桥,高,0,0.0,107102505966,255.0,倪家桥 复式大四房 可住三代人 业主诚心出售_苏州姑苏留园西园倪家桥二手房(苏州链家),2020-05-09,4室2厅,148.18, (共5层),17209,5,,2000.0,0.0,1.0,1.0,0.0,0.0,0.0,0.0,0.0,148.0,0.0,0.0,20000,-1000.0,368.0,19368.0,286.6464
247,胥江,1,8.76,普通住宅,解放新村,高,0,0.0,107102507238,340.0,解放新村2002年房龄 自住精装修 复式超大面积 大晒台_苏州姑苏胥江解放新村二手房(苏州链家),2020-05-09,5室2厅,180.0, (共6层),18889,6,,2000.0,0.0,1.0,1.0,0.0,0.0,0.0,0.0,0.0,180.0,0.0,0.0,20000,-1000.0,-562.0,18438.0,331.884
249,胥江,3,26.37,普通住宅,姑香苑,高,0,0.0,107102509664,344.0,姑香远三期五楼复式诚意出售带自车库，可拎包入住_苏州姑苏胥江姑香苑二手房(苏州链家),2020-05-10,4室3厅,188.0, (共6层),18298,6,,2000.0,0.0,1.0,1.0,0.0,0.0,0.0,0.0,0.0,188.0,0.0,0.0,20000,-1000.0,318.5,19318.5,363.1878
252,桃花坞,0,0.0,普通住宅,包衙前,低,0,0.0,107102510060,350.0,东中市+JIN范产权，使用面积大，楼上楼下两_苏州姑苏桃花坞包衙前二手房(苏州链家),2020-05-10,4室2厅,120.0, (共2层),29167,2,,2000.0,0.0,1.0,1.0,1.0,1.0,0.0,0.0,0.0,120.0,1.0,0.0,23000,-1000.0,5000.0,27000.0,324.0
253,胥江,0,0.0,普通住宅,公园天下,高,0,0.0,107102510622,480.0,公园天下，5楼复式，客厅挑空的，自住装修，诚心出售_苏州姑苏胥江公园天下二手房(苏州链家),2020-05-10,5室2厅,240.0, (共5层),20000,5,,2000.0,0.0,1.0,1.0,0.0,0.0,0.0,0.0,0.0,240.0,0.0,0.0,20000,-1000.0,-1000.0,18000.0,432.0
256,娄门,1,10.77,普通住宅,塘坊苑,高,0,0.0,107102513460,260.0,精装复式 自住保养好 满五 环境优雅 购物方便_苏州姑苏娄门塘坊苑二手房(苏州链家),2020-05-11,4室1厅,115.0, (共5层),22609,5,,2000.0,0.0,1.0,1.0,1.0,0.0,0.0,0.0,0.0,115.0,0.0,0.0,21000,-1000.0,538.5,20538.5,236.19275
261,胥江,0,0.0,普通住宅,梅亭苑,高,0,0.0,107102515970,210.0,可拎包入住的四房二卫顶复 低单价低总价_苏州姑苏胥江梅亭苑二手房(苏州链家),2020-05-11,4室3厅,132.93, (共5层),15798,5,,2000.0,0.0,1.0,1.0,0.0,0.0,0.0,0.0,0.0,132.0,0.0,1.0,20000,-1000.0,-933.5364477544567,18066.463552245543,238.47731888964117
267,桃花坞,0,0.0,普通住宅,贻德里,低,0,0.0,107102519151,145.0,房卡房 独门户 自住装修 出脚方便_苏州姑苏桃花坞贻德里二手房(苏州链家),2020-05-12,4室1厅,74.31, (共2层),19513,2,,2000.0,0.0,1.0,1.0,1.0,1.0,0.0,0.0,0.0,74.0,1.0,0.0,23000,-1000.0,5000.0,27000.0,199.8
269,沧浪新城,1,12.08,普通住宅,承信小区,高,0,0.0,107102520152,388.5,满五，带独库，空间大楼层好，采光刺眼_苏州姑苏沧浪新城承信小区二手房(苏州链家),2020-05-12,5室2厅,190.0, (共4层),20448,4,,2000.0,0.0,1.0,0.0,0.0,0.0,0.0,0.0,0.0,190.0,0.0,0.0,17000,-1000.0,1604.0,17604.0,334.476
270,桃花坞,1,7.97,普通住宅,桂和公寓,高,0,0.0,107102497161,310.0,养育巷 乐桥 顶层复式 带俩车位 20多平独立车库 急售_苏州姑苏桃花坞桂和公寓二手房(苏州链家),2020-05-07,4室2厅,149.09, (共5层),20793,5,,2000.0,0.0,1.0,1.0,1.0,1.0,0.0,0.0,0.0,149.0,0.0,0.0,23000,-1000.0,398.49999999999994,22398.5,333.73765
272,金门,0,0.0,普通住宅,新元二村,高,0,0.0,107102442863,320.0,金门路主干道复式大五房、视野采光好_苏州姑苏金门新元二村二手房(苏州链家),2020-04-25,5室3厅,174.0, (共5层),18391,5,,2000.0,0.0,1.0,1.0,0.0,0.0,0.0,0.0,0.0,174.0,0.0,0.0,20000,-1000.0,-1000.0,18000.0,313.2
275,南门,2,24.58,普通住宅,南环一村,低,0,0.0,107102452678,299.8,南环一村 4室2厅 299.8万_苏州姑苏南门南环一村二手房(苏州链家),2020-04-27,4室2厅,151.36, (共3层),19808,3,南环一村,1996.0,0.0,0.0,1.0,0.0,0.0,0.0,0.0,0.0,151.0,0.0,0.0,20000,-5000.0,2729.0,17729.0,267.7079
276,娄门,2,30.14,普通住宅,日规路1号,高,0,0.0,107102455062,255.0,房龄新 经典空中花园  满五年唯一住房_苏州姑苏娄门日规路1号二手房(苏州链家),2020-04-28,4室2厅,105.0, (共6层),24286,6,,2000.0,0.0,0.0,1.0,1.0,0.0,0.0,0.0,0.0,105.0,0.0,0.0,21000,-3000.0,507.0000000000002,18507.0,194.3235
284,胥江,1,2.68,普通住宅,梅亭苑,高,0,0.0,107102472053,220.0,梅亭苑精装顶楼复式带独库 看房方便_苏州姑苏胥江梅亭苑二手房(苏州链家),2020-05-02,4室2厅,132.0, (共5层),16667,5,,2000.0,0.0,1.0,1.0,0.0,0.0,0.0,0.0,0.0,132.0,0.0,1.0,20000,-1000.0,2034.0,21034.0,277.6488
286,留园西园,1,5.91,普通住宅,钱塘家园,高,0,0.0,107102473876,330.0,钱塘家园 4室2厅 330万_苏州姑苏留园西园钱塘家园二手房(苏州链家),2020-05-02,4室2厅,150.0, (共5层),22000,5,,2000.0,0.0,1.0,1.0,0.0,0.0,0.0,0.0,0.0,150.0,0.0,0.0,20000,-1000.0,295.5,19295.5,289.4325
287,葑门,0,0.0,普通住宅,现代花园,高,0,0.0,107102476950,251.0,现代二期白房子 精装复式房 4朝南房间 全明户型 满5_苏州姑苏葑门现代花园二手房(苏州链家),2020-05-03,4室2厅,112.0, (共5层),22411,5,,2000.0,0.0,1.0,1.0,0.0,0.0,0.0,0.0,0.0,112.0,0.0,0.0,20000,-1000.0,-1000.0,18000.0,201.6
288,金阊新城,0,0.0,普通住宅,富强新苑二区,高,0,0.0,107102479204,268.0,富强新苑顶复包汽车库自行车库自住精装修满5唯一_苏州姑苏金阊新城富强新苑二区二手房(苏州链家),2020-05-04,5室2厅,189.0, (共5层),14180,5,,2000.0,0.0,1.0,0.0,0.0,0.0,0.0,0.0,0.0,189.0,0.0,1.0,17000,-1000.0,600.0,16600.0,313.74
290,胥江,1,2.7,普通住宅,梅亭苑,高,0,0.0,107102482519,192.0,姑苏区梅亭苑小区，4房自住精装，保养好，可自做晒台_苏州姑苏胥江梅亭苑二手房(苏州链家),2020-05-04,4室2厅,96.0, (共5层),20000,5,,2000.0,0.0,1.0,1.0,0.0,0.0,0.0,0.0,0.0,96.0,0.0,0.0,20000,-1000.0,135.0,19135.0,183.696
292,留园西园,1,10.81,普通住宅,春馨园D区,高,0,0.0,107102483561,185.0,顶带阁楼 采光好 利用率高 视野宽阔_苏州姑苏留园西园春馨园D区二手房(苏州链家),2020-05-04,5室3厅,120.0, (共5层),15417,5,,2000.0,0.0,1.0,1.0,0.0,0.0,0.0,0.0,0.0,120.0,0.0,1.0,20000,-1000.0,2440.5,21440.5,257.286
293,十全街,1,20.92,普通住宅,南石皮弄,低,0,0.0,107102484587,430.0,南石皮弄 5室2厅 430万_苏州姑苏十全街南石皮弄二手房(苏州链家),2020-05-05,5室2厅,160.0, (共2层),26875,2,,2000.0,0.0,1.0,1.0,1.0,1.0,0.0,0.0,0.0,160.0,1.0,0.0,23000,-1000.0,7046.0,29046.0,464.736
295,金门,0,0.0,普通住宅,彩香二村,低,1,15.6,107102487345,312.0,彩香大面积一楼带院子，看房方便_苏州姑苏金门彩香二村二手房(苏州链家),2020-05-05,4室2厅,119.1, (共6层),26197,6,,2000.0,0.0,1.0,1.0,0.0,0.0,0.0,0.0,0.0,119.0,0.0,0.0,20000,-1000.0,2280.0,21280.0,253.232
297,胥江,1,12.93,普通住宅,劳动路95号,高,0,0.0,107102495113,276.0,轻轨口劳动路95号精装修全明顶楼复式，带独库_苏州姑苏胥江劳动路95号二手房(苏州链家),2020-05-07,4室2厅,167.6, (共6层),16468,6,,2000.0,0.0,0.0,1.0,0.0,0.0,0.0,0.0,0.0,167.0,0.0,1.0,20000,-3000.0,-323.070405727924,16676.929594272075,278.50472422434365
305,胥江,2,30.22,普通住宅,新康花园,高,0,0.0,107102393084,392.0,4楼复式，带2个大露台。带车位和独库20平，领包入住_苏州姑苏胥江新康花园二手房(苏州链家),2020-04-15,5室2厅,183.0, (共4层),21421,4,,2000.0,0.0,1.0,1.0,0.0,0.0,0.0,0.0,0.0,183.0,0.0,0.0,20000,-1000.0,2511.0,21511.0,393.6513
310,沧浪新城,2,20.18,普通住宅,友联一村,高,0,0.0,107102404065,235.0,友联一村 4室2厅 235万_苏州姑苏沧浪新城友联一村二手房(苏州链家),2020-04-17,4室2厅,163.0, (共6层),14418,6,,2000.0,0.0,1.0,0.0,0.0,0.0,0.0,0.0,0.0,163.0,0.0,0.0,17000,-1000.0,8.999999999999886,16009.0,260.9467
312,苏州大学,3,48.84,普通住宅,东环路1199号,高,0,0.0,107102408096,470.0,空中叠加，满五年唯一，精装修，诚心出售_苏州姑苏苏州大学东环路1199号二手房(苏州链家),2020-04-18,4室2厅,239.7, (共4层),19608,4,,2000.0,0.0,0.0,1.0,0.0,0.0,0.0,0.0,0.0,239.0,0.0,0.0,20000,-3000.0,3442.0,20442.0,488.5638
315,胥江,2,28.14,普通住宅,新康花园,高,0,0.0,107102420237,420.0,此房为新康花园复式户型正气业主自住精装修保养好_苏州姑苏胥江新康花园二手房(苏州链家),2020-04-20,5室2厅,200.38, (共5层),20961,5,,2000.0,0.0,1.0,1.0,0.0,0.0,0.0,0.0,0.0,200.0,0.0,0.0,20000,-1000.0,1407.0,20407.0,408.14
321,胥江,1,8.54,普通住宅,广大家园,高,0,0.0,107102430769,258.0,带独库 不靠高架 生活交通便利_苏州姑苏胥江广大家园二手房(苏州链家),2020-04-23,4室2厅,134.91, (共5层),19124,5,,2000.0,0.0,1.0,1.0,0.0,0.0,0.0,0.0,0.0,134.0,0.0,0.0,20000,-1000.0,426.99999999999994,19427.0,260.3218
327,胥江,2,19.73,普通住宅,新沧花园,高,0,0.0,107102438069,327.0,新上复式房源，产权满五唯一，顶楼复式，南北阳台_苏州姑苏胥江新沧花园二手房(苏州链家),2020-04-24,4室2厅,166.0, (共6层),19699,6,,2000.0,0.0,1.0,1.0,0.0,0.0,0.0,0.0,0.0,166.0,0.0,1.0,20000,-1000.0,1886.5,20886.5,346.7159
329,留园西园,0,0.0,普通住宅,新庄二村,低,2,27.32,107102442165,245.0,西环路  新庄新村旁 新庄二村 一楼带大花园 开门 急_苏州姑苏留园西园新庄二村二手房(苏州链家),2020-04-25,4室2厅,93.0, (共6层),26345,6,,2000.0,0.0,1.0,1.0,0.0,0.0,0.0,0.0,0.0,93.0,0.0,0.0,20000,-1000.0,2866.0,21866.0,203.3538
331,金门,0,0.0,普通住宅,银杏苑(姑苏区),高,0,0.0,107102320147,320.0,五室两厅一厨两卫业主诚心出售。。_苏州姑苏金门银杏苑(姑苏区)二手房(苏州链家),2020-03-30,5室2厅,170.0, (共5层),18824,5,,2000.0,0.0,1.0,1.0,0.0,0.0,0.0,0.0,0.0,170.0,0.0,0.0,20000,-1000.0,-1000.0,18000.0,306.0
332,金阊新城,0,0.0,普通住宅,富强新苑一区,高,0,0.0,107102323474,350.0,富强新苑一区 5室3厅 350万_苏州姑苏金阊新城富强新苑一区二手房(苏州链家),2020-03-31,5室3厅,189.0, (共5层),18519,5,,2000.0,0.0,1.0,0.0,0.0,0.0,0.0,0.0,0.0,189.0,0.0,0.0,17000,-1000.0,-1000.0,15000.0,283.5
333,留园西园,1,5.35,普通住宅,闻钟苑二区,高,0,0.0,107102323964,249.8,顶楼复式，带两个汽车位和一个10平的电动车库，精装修_苏州姑苏留园西园闻钟苑二区二手房(苏州链家),2020-04-01,4室2厅,163.0, (共6层),15326,6,,2000.0,0.0,1.0,1.0,0.0,0.0,0.0,0.0,0.0,163.0,0.0,1.0,20000,-1000.0,1167.5,20167.5,328.73025
334,南门,0,0.0,普通住宅,西二路散盘,高,0,0.0,107102325897,180.0,复式开门做成单户，上下面积均等。_苏州姑苏南门西二路散盘二手房(苏州链家),2020-04-01,5室3厅,85.0, (共5层),21177,5,,2000.0,0.0,0.0,1.0,1.0,0.0,0.0,0.0,0.0,85.0,0.0,0.0,21000,-3000.0,-1000.0,17000.0,144.5
335,胥江,2,39.53,普通住宅,胥馨家园,高,0,0.0,107102334432,400.0,胥馨家园 胥江路 5楼复式 带晒台 价格可谈 独库21平_苏州姑苏胥江胥馨家园二手房(苏州链家),2020-04-03,5室2厅,196.68, (共5层),20338,5,胥馨家园,2004.0,0.0,0.0,1.0,0.0,0.0,0.0,0.0,0.0,196.0,0.0,0.0,20000,-2000.0,1976.5000000000002,19976.5,391.5394
337,葑门,0,0.0,普通住宅,现代花园,高,0,0.0,107102341272,260.0,急售 欧尚 家乐福旁 2000年房龄 带独库_苏州姑苏葑门现代花园二手房(苏州链家),2020-04-04,5室1厅,150.8, (共5层),17242,5,,2000.0,0.0,1.0,1.0,0.0,0.0,0.0,0.0,0.0,150.0,0.0,0.0,20000,-1000.0,-1000.0,18000.0,270.0
339,胥江,0,0.0,普通住宅,金桥新村,高,0,0.0,107102344209,265.0,胥江新村，顶楼复式，精装修可拎包入住_苏州姑苏胥江金桥新村二手房(苏州链家),2020-04-05,5室2厅,134.0, (共6层),19777,6,,2000.0,0.0,1.0,1.0,0.0,0.0,0.0,0.0,0.0,134.0,0.0,1.0,20000,-1000.0,-100.0,18900.0,253.26
340,金阊新城,0,0.0,普通住宅,富强新苑二区,高,0,0.0,107102345181,255.0,此房满五，业主自住，安静宜居，出行方便，采光好_苏州姑苏金阊新城富强新苑二区二手房(苏州链家),2020-04-05,4室2厅,153.0, (共5层),16667,5,,2000.0,0.0,1.0,0.0,0.0,0.0,0.0,0.0,0.0,153.0,0.0,0.0,17000,-1000.0,-1000.0,15000.0,229.5
342,平江新城,1,12.89,普通住宅,汇翠花园,高,0,0.0,107102352262,325.0,此房楼间距大，中间楼层。采光没问题，户型正气，_苏州姑苏平江新城汇翠花园二手房(苏州链家),2020-04-06,4室2厅,154.0, (共5层),21104,5,,2000.0,0.0,1.0,0.0,0.0,0.0,0.0,0.0,0.0,154.0,0.0,0.0,17000,-1000.0,644.5000000000001,16644.5,256.3253
344,留园西园,0,0.0,普通住宅,缘园小区,高,0,0.0,107102360010,238.0,4房朝南独立两户外楼梯 采光全天照晒全明户型_苏州姑苏留园西园缘园小区二手房(苏州链家),2020-04-08,4室3厅,131.36, (共5层),18119,5,,2000.0,0.0,1.0,1.0,0.0,0.0,0.0,0.0,0.0,131.0,0.0,0.0,20000,-1000.0,-1000.0,18000.0,235.8
349,留园西园,2,12.39,普通住宅,嘉业阳光城,高,0,0.0,107102363596,340.0,采光好，顶带阁，大面积住房，通透全明户型_苏州姑苏留园西园嘉业阳光城二手房(苏州链家),2020-04-09,4室3厅,189.5, (共5层),17942,5,嘉业阳光城,2006.0,0.0,1.0,0.0,0.0,0.0,0.0,0.0,0.0,189.0,0.0,0.0,17000,0.0,619.5,17619.5,333.00855
351,胥江,0,0.0,普通住宅,梅亭苑,高,0,0.0,107102367757,208.0,四房朝南通透户型适合三代欢居一堂交通发达生活便捷_苏州姑苏胥江梅亭苑二手房(苏州链家),2020-04-10,4室2厅,132.67, (共5层),15678,5,,2000.0,0.0,1.0,1.0,0.0,0.0,0.0,0.0,0.0,132.0,0.0,0.0,20000,-1000.0,-1000.0,18000.0,237.6
352,胥江,0,0.0,普通住宅,胥江路136号,低,0,0.0,107102368984,249.0,护城河畔，近地铁，2000年房龄_苏州姑苏胥江胥江路136号二手房(苏州链家),2020-04-10,4室2厅,117.0, (共4层),21283,4,,2000.0,0.0,0.0,1.0,0.0,0.0,0.0,0.0,0.0,117.0,0.0,0.0,20000,-3000.0,500.0,17500.0,204.75
353,胥江,0,0.0,普通住宅,广大家园,高,0,0.0,107102369265,270.0,05年小区 广大家园 多层5楼复式_苏州姑苏胥江广大家园二手房(苏州链家),2020-04-10,4室2厅,122.0, (共6层),22132,6,,2000.0,0.0,1.0,1.0,0.0,0.0,0.0,0.0,0.0,122.0,0.0,0.0,20000,-1000.0,-2000.0,17000.0,207.4
357,胥江,2,18.94,普通住宅,泰南苑,高,0,0.0,107102382637,289.0,泰南苑 五楼复式 全新现代化精装修 带车库车位_苏州姑苏胥江泰南苑二手房(苏州链家),2020-04-12,4室2厅,122.0, (共5层),23689,5,,2000.0,0.0,1.0,1.0,0.0,0.0,0.0,0.0,0.0,122.0,0.0,0.0,20000,-1000.0,947.0000000000001,19947.0,243.3534
359,虎丘,2,12.7,普通住宅,虎阜花园东区,高,0,0.0,107102388957,306.0,此房高楼层，采光好，视野佳，诚意出售，看房随时_苏州姑苏虎丘虎阜花园东区二手房(苏州链家),2020-04-14,6室2厅,160.0, (共6层),19125,6,,2000.0,0.0,1.0,0.0,0.0,0.0,0.0,0.0,0.0,160.0,0.0,0.0,17000,-1000.0,-365.0,15635.0,250.16
363,胥江,1,9.79,普通住宅,梅亭苑,高,0,0.0,107102258072,235.0,得房率高，自行车库15平米，看房方便_苏州姑苏胥江梅亭苑二手房(苏州链家),2020-03-16,4室2厅,102.0, (共5层),23040,5,,2000.0,0.0,1.0,1.0,0.0,0.0,0.0,0.0,0.0,102.0,0.0,0.0,20000,-1000.0,489.49999999999994,19489.5,198.7929
368,胥江,2,47.83,普通住宅,胥馨家园,高,0,0.0,107102273595,445.8,胥江路 胥馨家园 4楼复 精装五居室 独立自行车库！_苏州姑苏胥江胥馨家园二手房(苏州链家),2020-03-20,5室2厅,216.88, (共4层),20556,4,胥馨家园,2004.0,0.0,0.0,1.0,0.0,0.0,0.0,0.0,0.0,216.0,0.0,0.0,20000,-2000.0,3391.4999999999995,21391.5,462.0564
373,南门,2,26.76,普通住宅,盘溪新村上沙苑,高,0,0.0,107102282694,298.0,满五唯一，经典复式，四房朝南，采光充足，交通便利。_苏州姑苏南门盘溪新村上沙苑二手房(苏州链家),2020-03-22,4室2厅,149.1, (共5层),19987,5,盘溪新村上沙苑,1996.0,0.0,0.0,1.0,0.0,0.0,0.0,0.0,0.0,149.0,0.0,0.0,20000,-5000.0,1338.0,16338.0,243.4362
375,平江新城,3,19.71,普通住宅,苏锦一村,高,0,0.0,107102285989,320.0,苏锦一村 顶楼复式 中等装修 看房方便 业主诚心出售_苏州姑苏平江新城苏锦一村二手房(苏州链家),2020-03-23,5室3厅,148.07, (共5层),21612,5,,2000.0,0.0,1.0,0.0,0.0,0.0,0.0,0.0,0.0,148.0,0.0,1.0,17000,-1000.0,989.2819950023634,16989.281995002362,251.44137352603497
379,胥江,2,32.3,普通住宅,小施家弄22号,高,0,0.0,107102290415,335.0,业主自住精装修四楼复式，前后带大露台 彩光好通透_苏州姑苏胥江小施家弄22号二手房(苏州链家),2020-03-24,4室2厅,147.0, (共4层),22790,4,,2000.0,0.0,0.0,1.0,0.0,0.0,0.0,0.0,0.0,147.0,0.0,0.0,20000,-3000.0,2615.0,19615.0,288.3405
382,南门,1,14.07,普通住宅,南华公寓,高,0,0.0,107102295187,399.0,复式三卫，满五唯一，适合一家人居住，环境好居住舒适_苏州姑苏南门南华公寓二手房(苏州链家),2020-03-25,5室3厅,200.0, (共5层),19950,5,,2000.0,0.0,1.0,1.0,1.0,0.0,0.0,0.0,0.0,200.0,0.0,0.0,21000,-1000.0,703.5,20703.5,414.07
389,留园西园,2,33.34,普通住宅,倪家苑,低,0,0.0,107102312545,360.0,倪家苑3楼复式 满5年 独库 好房出售_苏州姑苏留园西园倪家苑二手房(苏州链家),2020-03-29,5室2厅,209.0, (共3层),17225,3,倪家苑,2003.0,0.0,0.0,1.0,0.0,0.0,0.0,0.0,0.0,209.0,0.0,0.0,20000,-2000.0,3167.0,21167.0,442.3903
390,胥江,0,0.0,普通住宅,新康花园,高,0,0.0,107102253122,266.0,新康花园 顶楼复式 业主诚心急售_苏州姑苏胥江新康花园二手房(苏州链家),2020-03-15,5室2厅,140.0, (共6层),19000,6,,2000.0,0.0,1.0,1.0,0.0,0.0,0.0,0.0,0.0,140.0,0.0,1.0,20000,-1000.0,-100.0,18900.0,264.6
392,胥江,0,0.0,普通住宅,奥林花园,高,0,0.0,107102155083,375.0,奥林花园，精装5楼复式，自住，看房方便，带独库！_苏州姑苏胥江奥林花园二手房(苏州链家),2020-01-11,5室3厅,220.0, (共5层),17046,5,,2000.0,0.0,1.0,1.0,0.0,0.0,0.0,0.0,0.0,220.0,0.0,0.0,20000,-1000.0,-1000.0,18000.0,396.0
394,胥江,1,12.28,普通住宅,胥馨家园,高,0,0.0,107102158325,430.0,轻轨旁 四楼复式 带南晒台 采光好 有钥匙 随时看房_苏州姑苏胥江胥馨家园二手房(苏州链家),2020-01-13,5室3厅,235.0, (共4层),18298,4,胥馨家园,2004.0,0.0,0.0,1.0,0.0,0.0,0.0,0.0,0.0,235.0,0.0,0.0,20000,-2000.0,1614.0,19614.0,460.929
395,金门,2,13.64,普通住宅,金之枫花园,高,0,0.0,107102158334,355.0,金之枫花园复式 自住装修 带大晒台 独库 看房方便_苏州姑苏金门金之枫花园二手房(苏州链家),2020-01-13,5室3厅,175.5, (共6层),20228,6,,2000.0,0.0,1.0,1.0,0.0,0.0,0.0,0.0,0.0,175.0,0.0,0.0,20000,-1000.0,-318.0,18682.0,326.935
398,留园西园,0,0.0,普通住宅,新庄二村,高,0,0.0,107102158399,298.0,一梯一户，楼上楼下分开，相当于两家。_苏州姑苏留园西园新庄二村二手房(苏州链家),2020-01-13,5室3厅,200.0, (共6层),14900,6,,2000.0,0.0,1.0,1.0,0.0,0.0,0.0,0.0,0.0,200.0,0.0,0.0,20000,-1000.0,-2000.0,17000.0,340.0
399,金门,3,25.58,普通住宅,彩香一村三区,高,0,0.0,107102161785,270.0,视野好 利用空间充足 诚心出售 可塑造性高_苏州姑苏金门彩香一村三区二手房(苏州链家),2020-01-14,4室2厅,160.62, (共5层),16810,5,,2000.0,0.0,1.0,1.0,0.0,0.0,0.0,0.0,0.0,160.0,0.0,0.0,20000,-1000.0,1279.0,20279.0,324.464
402,娄门,0,0.0,普通住宅,永林新村,低,0,0.0,107102187771,325.0,永林新村 楼层好 房型正  老式精装修_苏州姑苏娄门永林新村二手房(苏州链家),2020-02-22,4室2厅,142.83, (共6层),22755,6,,2000.0,0.0,1.0,1.0,1.0,0.0,0.0,0.0,0.0,142.0,0.0,0.0,21000,-1000.0,500.0,20500.0,291.1
403,平江新城,0,0.0,普通住宅,汇翠花园,高,0,0.0,107102193178,338.0,房东诚心售房，看房方便，采光充足_苏州姑苏平江新城汇翠花园二手房(苏州链家),2020-02-25,5室3厅,195.0, (共5层),17334,5,,2000.0,0.0,1.0,0.0,0.0,0.0,0.0,0.0,0.0,195.0,0.0,0.0,17000,-1000.0,-1000.0,15000.0,292.5
405,胥江,0,0.0,普通住宅,梅亭苑,高,0,0.0,107102203656,190.0,梅亭苑5楼复式 看房方便 业主自住，自行车库15平米_苏州姑苏胥江梅亭苑二手房(苏州链家),2020-02-29,4室2厅,102.6, (共5层),18519,5,,2000.0,0.0,1.0,1.0,0.0,0.0,0.0,0.0,0.0,102.0,0.0,0.0,20000,-1000.0,-1000.0,18000.0,183.6
408,金阊新城,0,0.0,普通住宅,富强新苑二区,高,0,0.0,107102220708,292.0,富强新苑二区 精装 带车位 带车库 配套全 位置好_苏州姑苏金阊新城富强新苑二区二手房(苏州链家),2020-03-06,4室2厅,154.0, (共5层),18962,5,,2000.0,0.0,1.0,0.0,0.0,0.0,0.0,0.0,0.0,154.0,0.0,0.0,17000,-1000.0,-1000.0,15000.0,231.0
409,平江新城,2,14.3,普通住宅,苏锦一村,高,0,0.0,107102224126,375.0,锦月新居 复式住宅 精装修 4月满两年 业主诚意售房_苏州姑苏平江新城苏锦一村二手房(苏州链家),2020-03-07,5室2厅,183.0, (共5层),20492,5,,2000.0,0.0,1.0,0.0,0.0,0.0,0.0,0.0,0.0,183.0,0.0,0.0,17000,-1000.0,715.0000000000001,16715.0,305.8845
410,石路,1,7.91,普通住宅,红菱花苑,高,0,0.0,107102225508,370.0,红菱花苑5五楼复式。自住装修，附带车位一个。_苏州姑苏石路红菱花苑二手房(苏州链家),2020-03-07,6室3厅,183.0, (共5层),20219,5,,2000.0,0.0,1.0,1.0,0.0,0.0,0.0,0.0,0.0,183.0,0.0,0.0,20000,-1000.0,395.5,19395.5,354.93765
412,金门,1,18.4,普通住宅,银泰花园一期,高,0,0.0,107102229123,388.0,新上银泰花园顶层复式，业主诚心出售看房方便。_苏州姑苏金门银泰花园一期二手房(苏州链家),2020-03-08,5室1厅,192.0, (共5层),20209,5,,2000.0,0.0,1.0,1.0,0.0,0.0,0.0,0.0,0.0,192.0,0.0,0.0,20000,-1000.0,919.9999999999999,19920.0,382.464
414,石路,1,15.22,商住两用,金阊大厦,高,0,0.0,107102241935,260.0,金阊大厦 5室3厅 260万_苏州姑苏石路金阊大厦二手房(苏州链家),2020-03-12,5室3厅,128.0, (共6层),20313,6,,2000.0,0.0,1.0,1.0,0.0,0.0,0.0,0.0,0.0,128.0,0.0,0.0,20000,-1000.0,-239.0,18761.0,240.1408
415,胥江,1,13.96,普通住宅,新康花园,高,0,0.0,107102244260,288.0,新康花园二期  复式 有独库 有钥匙看房方便_苏州姑苏胥江新康花园二手房(苏州链家),2020-03-13,5室2厅,168.94, (共6层),17048,6,,2000.0,0.0,1.0,1.0,0.0,0.0,0.0,0.0,0.0,168.0,0.0,0.0,20000,-1000.0,-301.9999999999999,18698.0,314.1264
416,金门,0,0.0,别墅,寒舍,低,0,0.0,107102246026,534.6,寒舍 4室2厅 534.6万_苏州姑苏金门寒舍二手房(苏州链家),2020-03-13,4室2厅,202.66, (共3层),26380,3,,2000.0,0.0,1.0,1.0,0.0,0.0,0.0,0.0,0.0,202.0,1.0,0.0,20000,-1000.0,5000.0,24000.0,484.8
418,胥江,1,12.97,普通住宅,金桥新村,高,0,0.0,107102249959,238.0,金桥新村 满五唯一 带车位 车库  带露台 拎包入住_苏州姑苏胥江金桥新村二手房(苏州链家),2020-03-14,4室2厅,156.0, (共6层),15257,6,,2000.0,0.0,1.0,1.0,0.0,0.0,0.0,0.0,0.0,156.0,0.0,0.0,20000,-1000.0,-351.4999999999999,18648.5,290.9166
420,金门,0,0.0,普通住宅,宝城小区,高,0,0.0,107102153206,328.0,出门近轻轨口，前面无遮挡，采光刺眼，性价高_苏州姑苏金门宝城小区二手房(苏州链家),2020-01-11,4室2厅,165.0, (共6层),19879,6,,2000.0,0.0,1.0,1.0,0.0,0.0,0.0,0.0,0.0,165.0,0.0,0.0,20000,-1000.0,-2000.0,17000.0,280.5
421,金阊新城,0,0.0,普通住宅,富强新苑二区,高,0,0.0,107102066361,268.0,小区环境好，纯毛坯4房顶层带阁楼，采光好易改造。_苏州姑苏金阊新城富强新苑二区二手房(苏州链家),2019-12-12,4室2厅,150.0, (共5层),17867,5,,2000.0,0.0,1.0,0.0,0.0,0.0,0.0,0.0,0.0,150.0,0.0,1.0,17000,-1000.0,600.0,16600.0,249.0
423,留园西园,1,7.12,普通住宅,东吴苑,高,0,0.0,107102077234,240.0,虎丘景区 东吴苑 5楼复式 带自行车库10平_苏州姑苏留园西园东吴苑二手房(苏州链家),2019-12-15,4室2厅,89.34, (共5层),26864,5,,2000.0,0.0,1.0,1.0,0.0,0.0,0.0,0.0,0.0,89.0,0.0,0.0,20000,-1000.0,356.0,19356.0,172.2684
426,留园西园,2,13.9,普通住宅,倪家桥,高,0,0.0,107102090301,275.0,倪家桥，采光好，位置好，生活便利_苏州姑苏留园西园倪家桥二手房(苏州链家),2019-12-20,4室3厅,176.0, (共5层),15625,5,,2000.0,0.0,1.0,1.0,0.0,0.0,0.0,0.0,0.0,176.0,0.0,0.0,20000,-1000.0,695.0000000000001,19695.0,346.632
427,平江新城,1,17.65,普通住宅,梅花新苑,高,0,0.0,107102090943,315.0,梅花新苑 4室2厅 315万_苏州姑苏平江新城梅花新苑二手房(苏州链家),2019-12-20,4室2厅,152.0, (共5层),20724,5,,2000.0,0.0,1.0,0.0,0.0,0.0,0.0,0.0,0.0,152.0,0.0,0.0,17000,-1000.0,882.5,16882.5,256.614
428,胥江,1,31.12,普通住宅,新康花园,高,0,0.0,107102091156,340.0,新上房源，满五唯一，房东急售，位置采光好。_苏州姑苏胥江新康花园二手房(苏州链家),2019-12-20,6室2厅,200.66, (共6层),16945,6,,2000.0,0.0,1.0,1.0,0.0,0.0,0.0,0.0,0.0,200.0,0.0,0.0,20000,-1000.0,556.0,19556.0,391.12
435,南门,1,9.04,普通住宅,水城丽都,高,0,0.0,107102103820,465.0,水城丽都精装五楼复式，狂降30万，带买断车位，急售_苏州姑苏南门水城丽都二手房(苏州链家),2019-12-24,5室2厅,194.0, (共5层),23970,5,,2000.0,0.0,1.0,1.0,1.0,0.0,0.0,0.0,0.0,194.0,0.0,0.0,21000,-1000.0,451.99999999999994,20452.0,396.7688
436,南门,1,10.96,普通住宅,人民路222号,高,0,0.0,107102105466,291.8,人民路222号精装复式  交通便利房东诚心 大阳台大露台_苏州姑苏南门人民路222号二手房(苏州链家),2019-12-25,5室3厅,174.92, (共5层),16682,5,,2000.0,0.0,0.0,1.0,1.0,0.0,0.0,0.0,0.0,174.0,0.0,0.0,21000,-3000.0,548.0,18548.0,322.7352
437,胥江,1,21.7,普通住宅,万盛花园,高,0,0.0,107102115882,490.0,万盛花园，精装修，顶楼复式，家具全留_苏州姑苏胥江万盛花园二手房(苏州链家),2019-12-29,6室1厅,220.16, (共4层),22257,4,万盛花园,2000.0,1.0,1.0,1.0,0.0,0.0,0.0,0.0,0.0,220.0,0.0,1.0,20000,-1000.0,1091.9040697674418,20091.904069767443,442.02188953488377
439,金门,1,17.05,普通住宅,银泰花园一期,高,0,0.0,107102124461,375.0,干将路 银泰花园 顶楼复式带大车库 可以停放2部车！_苏州姑苏金门银泰花园一期二手房(苏州链家),2020-01-01,5室2厅,192.0, (共5层),19532,5,,2000.0,0.0,1.0,1.0,0.0,0.0,0.0,0.0,0.0,192.0,0.0,1.0,20000,-1000.0,2752.5,21752.5,417.648
440,胥江,3,36.14,普通住宅,泰南路120号,高,0,0.0,107102127133,380.0,此房满五 省税 是房东自住 精装保养好 面积大楼层合适_苏州姑苏胥江泰南路120号二手房(苏州链家),2020-01-02,5室3厅,185.0, (共5层),20541,5,,2000.0,0.0,0.0,1.0,0.0,0.0,0.0,0.0,0.0,185.0,0.0,0.0,20000,-3000.0,1807.0,18807.0,347.9295
441,金门,0,0.0,普通住宅,宝城小区,高,0,0.0,107102127564,328.0,宝城小区 姑苏区 交通便利 配套齐全_苏州姑苏金门宝城小区二手房(苏州链家),2020-01-02,4室2厅,165.0, (共7层),19879,7,,2000.0,0.0,1.0,1.0,0.0,0.0,0.0,0.0,0.0,165.0,0.0,0.0,20000,-1000.0,-3000.0,16000.0,264.0
442,苏州大学,2,46.23,普通住宅,东环路1165号,高,0,0.0,107102131801,410.0,东环1号6号线商品房 带城平江 大复式带晒台 含汽车库_苏州姑苏苏州大学东环路1165号二手房(苏州链家),2020-01-03,5室3厅,192.0, (共5层),21355,5,,2000.0,0.0,0.0,1.0,0.0,0.0,0.0,0.0,0.0,192.0,0.0,0.0,20000,-3000.0,2311.4999999999995,19311.5,370.7808
443,胥江,0,0.0,普通住宅,梅亭苑,高,0,0.0,107102135863,235.0,新上房源 顶带阁 采光充足 房东诚心出售_苏州姑苏胥江梅亭苑二手房(苏州链家),2020-01-04,5室2厅,135.0, (共5层),17408,5,,2000.0,0.0,1.0,1.0,0.0,0.0,0.0,0.0,0.0,135.0,0.0,0.0,20000,-1000.0,-1000.0,18000.0,243.0
446,平江新城,0,0.0,普通住宅,苏江花园,高,0,0.0,107102145489,265.0,仲雅苑边上 苏江花园 5楼带阁楼 满5年 草桥和平实小_苏州姑苏平江新城苏江花园二手房(苏州链家),2020-01-08,4室2厅,129.0, (共5层),20543,5,,2000.0,0.0,1.0,0.0,0.0,0.0,0.0,0.0,0.0,129.0,0.0,1.0,17000,-1000.0,600.0,16600.0,214.14
447,留园西园,0,0.0,普通住宅,新庄新村,低,0,0.0,107102145551,228.0,新庄新村一楼带院子开门，院子30平方，采光好_苏州姑苏留园西园新庄新村二手房(苏州链家),2020-01-08,4室2厅,97.07, (共6层),23489,6,,2000.0,0.0,1.0,1.0,0.0,0.0,0.0,0.0,0.0,97.0,0.0,0.0,20000,-1000.0,500.0,19500.0,189.15
450,金门,2,23.37,普通住宅,日晖苑,高,0,0.0,107102065996,305.0,阊胥路 日晖苑  独立自行车库 通透户型_苏州姑苏金门日晖苑二手房(苏州链家),2019-12-12,4室2厅,154.0, (共5层),19806,5,,2000.0,0.0,1.0,1.0,0.0,0.0,0.0,0.0,0.0,154.0,0.0,0.0,20000,-1000.0,1168.5,20168.5,310.5949
457,金门,0,0.0,普通住宅,彩香二村,高,0,0.0,107101994965,282.0,彩香 新出三开间朝南 全明户型好房_苏州姑苏金门彩香二村二手房(苏州链家),2019-11-20,4室2厅,139.28, (共6层),20247,6,,2000.0,0.0,1.0,1.0,0.0,0.0,0.0,0.0,0.0,139.0,0.0,0.0,20000,-1000.0,-2000.0,17000.0,236.3
458,沧浪新城,1,15.43,普通住宅,水香六村,高,0,0.0,107101995157,280.0,水香六村 顶复117+80 共五房四卫 面积超大_苏州姑苏沧浪新城水香六村二手房(苏州链家),2019-11-20,5室2厅,197.0, (共5层),14214,5,,2000.0,0.0,1.0,0.0,0.0,0.0,0.0,0.0,0.0,197.0,0.0,1.0,17000,-1000.0,2371.5,18371.5,361.91855
460,金门,1,13.91,普通住宅,东沁苑,高,0,0.0,107102000744,272.0,满五年，采光好，有电瓶车独库.._苏州姑苏金门东沁苑二手房(苏州链家),2019-11-21,4室2厅,141.27, (共6层),19254,6,,2000.0,0.0,1.0,1.0,0.0,0.0,0.0,0.0,0.0,141.0,0.0,0.0,20000,-1000.0,-304.5,18695.5,263.60655
462,金门,2,27.82,普通住宅,采香花园,高,0,0.0,107102010814,280.0,采香花园 顶楼复式 阁楼未计入产证面积，使用率很高_苏州姑苏金门采香花园二手房(苏州链家),2019-11-24,4室2厅,110.05, (共6层),25443,6,,2000.0,0.0,1.0,1.0,0.0,0.0,0.0,0.0,0.0,110.0,0.0,1.0,20000,-1000.0,395.3162199000451,19395.316219900044,213.3484784189005
463,金门,2,48.72,普通住宅,菱塘新村二区,高,0,0.0,107102011534,430.0,稀有4楼复式.鎹30平汽车库.70平大晒台_苏州姑苏金门菱塘新村二区二手房(苏州链家),2019-11-24,5室2厅,200.0, (共4层),21500,4,菱塘新村二区,1998.0,0.0,0.0,1.0,0.0,0.0,0.0,0.0,0.0,200.0,0.0,0.0,20000,-4000.0,3436.0,19436.0,388.72
465,娄门,1,10.1,普通住宅,永林二区,高,0,0.0,107102017011,330.0,5楼复式，利用率超高，全明户型，XQ未用，商品房_苏州姑苏娄门永林二区二手房(苏州链家),2019-11-26,4室3厅,141.49, (共5层),23324,5,,2000.0,0.0,1.0,1.0,1.0,0.0,0.0,0.0,0.0,141.0,0.0,0.0,21000,-1000.0,505.0,20505.0,289.1205
471,胥江,1,6.93,普通住宅,桐馨苑,高,0,0.0,107102040497,232.0,【贝壳精选】 满五唯一 地铁出口 配套齐全_苏州姑苏胥江桐馨苑二手房(苏州链家),2019-12-04,4室2厅,100.0, (共6层),23200,6,,2000.0,0.0,1.0,1.0,0.0,0.0,0.0,0.0,0.0,100.0,0.0,0.0,20000,-1000.0,-653.5,18346.5,183.465
472,金门,0,0.0,普通住宅,东沁苑,高,0,0.0,107102041769,245.0,此房采光好，顶楼复式，精装修，带一个自行车库。_苏州姑苏金门东沁苑二手房(苏州链家),2019-12-04,4室2厅,133.86, (共6层),18303,6,,2000.0,0.0,1.0,1.0,0.0,0.0,0.0,0.0,0.0,133.0,0.0,1.0,20000,-1000.0,-1938.9660839683243,17061.033916031676,226.91175108322128
474,沧浪新城,2,21.58,普通住宅,长欣苑,高,0,0.0,107102054183,335.0,长欣苑04年商品房，顶楼复式，地铁口，交通便利！_苏州姑苏沧浪新城长欣苑二手房(苏州链家),2019-12-08,5室2厅,162.2, (共5层),20654,5,,2000.0,0.0,1.0,0.0,0.0,0.0,0.0,0.0,0.0,162.0,0.0,1.0,17000,-1000.0,1088.8643649815037,17088.864364981502,276.83960271270035
477,留园西园,2,17.85,普通住宅,嘉业阳光城,高,0,0.0,107102058960,355.0,嘉业阳光城 5室3厅 355万_苏州姑苏留园西园嘉业阳光城二手房(苏州链家),2019-12-09,5室3厅,186.0, (共5层),19087,5,嘉业阳光城,2006.0,0.0,1.0,0.0,0.0,0.0,0.0,0.0,0.0,186.0,0.0,0.0,17000,0.0,892.5000000000001,17892.5,332.8005
478,娄门,1,18.77,普通住宅,永林二区,高,0,0.0,107102059819,450.0,永林二区 户型正气通透 采光好 位置佳 诚意出售_苏州姑苏娄门永林二区二手房(苏州链家),2019-12-10,4室3厅,200.8, (共6层),22411,6,,2000.0,0.0,1.0,1.0,1.0,0.0,0.0,0.0,0.0,200.0,0.0,0.0,21000,-1000.0,-61.5,19938.5,398.77
479,南门,2,22.8,普通住宅,盘福苑,高,0,0.0,107102063958,310.0,盘福苑 5室3厅 310万_苏州姑苏南门盘福苑二手房(苏州链家),2019-12-11,5室3厅,170.0, (共4层),18236,4,,2000.0,0.0,1.0,1.0,1.0,0.0,0.0,0.0,0.0,170.0,0.0,0.0,21000,-1000.0,2140.0,22140.0,376.38
482,胥江,0,0.0,普通住宅,梅亭苑,高,0,0.0,107101836115,234.0,梅亭苑 精装修 装修的干净整洁 看房提前联系_苏州姑苏胥江梅亭苑二手房(苏州链家),2019-10-09,4室2厅,132.0, (共5层),17728,5,,2000.0,0.0,1.0,1.0,0.0,0.0,0.0,0.0,0.0,132.0,0.0,0.0,20000,-1000.0,-1000.0,18000.0,237.6
487,金阊新城,0,0.0,普通住宅,富强新苑一区,高,0,0.0,107101883565,330.0,富强新苑大面积 精装修  房东自住保养好_苏州姑苏金阊新城富强新苑一区二手房(苏州链家),2019-10-17,4室1厅,186.0, (共5层),17742,5,,2000.0,0.0,1.0,0.0,0.0,0.0,0.0,0.0,0.0,186.0,0.0,0.0,17000,-1000.0,-1000.0,15000.0,279.0
489,桃花坞,0,0.0,普通住宅,马大箓巷散盘,低,3,67.56,107101890572,455.0,独门独户，一楼带院子，采光充足，上下楼层_苏州姑苏桃花坞马大箓巷散盘二手房(苏州链家),2019-10-19,4室2厅,170.0, (共1层),26765,1,,2000.0,0.0,0.0,1.0,1.0,1.0,0.0,0.0,0.0,170.0,1.0,0.0,23000,-3000.0,9378.0,29378.0,499.426
493,葑门,0,0.0,普通住宅,杨枝四村,高,0,0.0,107101921138,258.0,东环杨枝四村，户型通透，交通便利，实用面积大。_苏州姑苏葑门杨枝四村二手房(苏州链家),2019-10-28,4室2厅,123.0, (共6层),20976,6,,2000.0,0.0,1.0,1.0,0.0,0.0,0.0,0.0,0.0,123.0,0.0,0.0,20000,-1000.0,-2000.0,17000.0,209.1
495,胥江,1,8.86,普通住宅,友新新村,高,0,0.0,107101935405,320.0,友新新村 5楼复式 6个卧室 超大空间 上下加起来二百平_苏州姑苏胥江友新新村二手房(苏州链家),2019-11-01,5室2厅,200.0, (共5层),16000,5,,2000.0,0.0,1.0,1.0,0.0,0.0,0.0,0.0,0.0,200.0,0.0,0.0,20000,-1000.0,442.99999999999994,19443.0,388.86
496,胥江,0,0.0,普通住宅,金帝名园,低,0,0.0,107101935726,670.0,联排边户，位置安静！满五唯一！附带地下室和阳光房_苏州姑苏胥江金帝名园二手房(苏州链家),2019-11-02,4室2厅,275.17, (共3层),24349,3,,2000.0,0.0,1.0,1.0,0.0,0.0,0.0,0.0,0.0,275.0,1.0,0.0,20000,-1000.0,5000.0,24000.0,624.25
497,金阊新城,0,0.0,普通住宅,富强新苑二区,高,0,0.0,107101938589,263.0,富强新苑二区毛坯复式 从未入住 位置佳 诚心出售_苏州姑苏金阊新城富强新苑二区二手房(苏州链家),2019-11-02,4室2厅,188.0, (共5层),13990,5,,2000.0,0.0,1.0,0.0,0.0,0.0,0.0,0.0,0.0,188.0,0.0,0.0,17000,-1000.0,-1000.0,15000.0,282.0
500,胥江,0,0.0,普通住宅,梅亭苑,高,0,0.0,107101942468,192.0,新上梅亭苑五楼复式、精装4房、业主诚心卖、看房方便_苏州姑苏胥江梅亭苑二手房(苏州链家),2019-11-03,4室2厅,96.15, (共5层),19969,5,,2000.0,0.0,1.0,1.0,0.0,0.0,0.0,0.0,0.0,96.0,0.0,0.0,20000,-1000.0,-1000.0,18000.0,172.8
504,葑门,0,0.0,普通住宅,现代花园,高,0,0.0,107101959323,327.0,现代花园三期顶带阁五室二厅二卫150平出售_苏州姑苏葑门现代花园二手房(苏州链家),2019-11-09,5室2厅,150.0, (共5层),21800,5,,2000.0,0.0,1.0,1.0,0.0,0.0,0.0,0.0,0.0,150.0,0.0,0.0,20000,-1000.0,-1000.0,18000.0,270.0
510,胥江,2,13.55,普通住宅,新康花园,高,0,0.0,107101831568,308.0,新康花园城市韵律精装自住顶楼复式_苏州姑苏胥江新康花园二手房(苏州链家),2019-10-08,4室2厅,132.0, (共6层),23334,6,,2000.0,0.0,1.0,1.0,0.0,0.0,0.0,0.0,0.0,132.0,0.0,1.0,20000,-1000.0,1577.5,20577.5,271.623
511,南门,0,0.0,普通住宅,南华公寓,高,0,0.0,107101706891,270.0,四房两卫，通透户型，复式双阳台，附带两个阳光房_苏州姑苏南门南华公寓二手房(苏州链家),2019-09-01,4室2厅,203.0, (共5层),13301,5,,2000.0,0.0,1.0,1.0,1.0,0.0,0.0,0.0,0.0,203.0,0.0,0.0,21000,-1000.0,-1000.0,19000.0,385.7
514,胥江,0,0.0,普通住宅,广大家园,高,0,0.0,107101717558,206.0,广大家园4楼顶复有车库............._苏州姑苏胥江广大家园二手房(苏州链家),2019-09-04,4室2厅,84.92, (共4层),24259,4,,2000.0,0.0,1.0,1.0,0.0,0.0,0.0,0.0,0.0,84.0,0.0,1.0,20000,-1000.0,102.92039566650985,19102.92039566651,160.4645313235987
517,金阊新城,0,0.0,普通住宅,富强新苑二区,高,0,0.0,107101737194,289.0,精装自住保养好    阁楼有独立的门     家电家具全留_苏州姑苏金阊新城富强新苑二区二手房(苏州链家),2019-09-09,5室2厅,187.0, (共5层),15455,5,,2000.0,0.0,1.0,0.0,0.0,0.0,0.0,0.0,0.0,187.0,0.0,1.0,17000,-1000.0,600.0,16600.0,310.42
520,胥江,1,15.03,普通住宅,盘景苑,高,0,0.0,107101743448,396.0,盘景苑五楼复式 实用面积大 带露台_苏州姑苏胥江盘景苑二手房(苏州链家),2019-09-11,5室2厅,207.0, (共5层),19131,5,,2000.0,0.0,1.0,1.0,0.0,0.0,0.0,0.0,0.0,207.0,0.0,0.0,20000,-1000.0,751.5,19751.5,408.85605
522,平江新城,0,0.0,普通住宅,梅花新村,高,0,0.0,107101753476,193.0,平江新城  顶楼带阁楼  阁楼利用率高 可自由设计装修_苏州姑苏平江新城梅花新村二手房(苏州链家),2019-09-14,4室2厅,140.0, (共6层),13786,6,,2000.0,0.0,1.0,0.0,0.0,0.0,0.0,0.0,0.0,140.0,0.0,1.0,17000,-1000.0,-400.0,15600.0,218.4
523,胥江,2,20.77,普通住宅,新康花园,高,0,0.0,107101763050,314.0,精装六房，带大露台，阁楼空间大，层高不压抑_苏州姑苏胥江新康花园二手房(苏州链家),2019-09-17,6室1厅,185.0, (共5层),16973,5,,2000.0,0.0,1.0,1.0,0.0,0.0,0.0,0.0,0.0,185.0,0.0,1.0,20000,-1000.0,2938.5,21938.5,405.86225
524,沧浪新城,0,0.0,普通住宅,水香六村,高,0,0.0,107101766531,350.0,水香六村地理位置很好，设备齐全，地铁500米_苏州姑苏沧浪新城水香六村二手房(苏州链家),2019-09-18,5室3厅,217.4, (共5层),16100,5,,2000.0,0.0,1.0,0.0,0.0,0.0,0.0,0.0,0.0,217.0,0.0,0.0,17000,-1000.0,-1000.0,15000.0,325.5
528,平江路,0,0.0,普通住宅,石板街9号,高,0,0.0,107101770268,267.8,此房楼层好，位置佳，采光无遮挡，看房方便_苏州姑苏平江路石板街9号二手房(苏州链家),2019-09-19,4室2厅,130.5, (共4层),20522,4,,2000.0,0.0,0.0,1.0,1.0,1.0,0.0,0.0,0.0,130.0,0.0,0.0,23000,-3000.0,0.0,20000.0,260.0
529,葑门,0,0.0,普通住宅,现代花园,高,0,0.0,107101772123,318.0,现代花园二期5-2-2五楼复式，内外楼梯_苏州姑苏葑门现代花园二手房(苏州链家),2019-09-20,5室2厅,160.87, (共5层),19768,5,,2000.0,0.0,1.0,1.0,0.0,0.0,0.0,0.0,0.0,160.0,0.0,0.0,20000,-1000.0,-1000.0,18000.0,288.0
530,胥江,1,14.32,普通住宅,劳动路110号,高,0,0.0,107101775859,300.0,劳动路110号，老式精装，拎包入住，有汽车库_苏州姑苏胥江劳动路110号二手房(苏州链家),2019-09-21,4室2厅,152.0, (共5层),19737,5,,2000.0,0.0,0.0,1.0,0.0,0.0,0.0,0.0,0.0,152.0,0.0,0.0,20000,-3000.0,716.0,17716.0,269.2832
533,齐门,0,0.0,普通住宅,政园小区,高,0,0.0,107101805250,480.0,4楼大复式 实用面积200+ 全新精装未住人 户型格局好_苏州姑苏齐门政园小区二手房(苏州链家),2019-09-29,4室3厅,188.0, (共4层),25532,4,,2000.0,0.0,1.0,1.0,1.0,1.0,0.0,0.0,0.0,188.0,0.0,0.0,23000,-1000.0,0.0,22000.0,413.6
535,平江新城,0,0.0,普通住宅,梅花三村,高,0,0.0,107101814059,225.0,梅花三村四室两厅两卫，拎包入住，房东诚心出售_苏州姑苏平江新城梅花三村二手房(苏州链家),2019-10-03,4室2厅,114.7, (共6层),19617,6,,2000.0,0.0,1.0,0.0,0.0,0.0,0.0,0.0,0.0,114.0,0.0,0.0,17000,-1000.0,-2000.0,14000.0,159.6
536,金门,0,0.0,普通住宅,银杏苑(姑苏区),高,0,0.0,107101823271,380.0,全明户型，户型方正，采光刺眼，自住装修，可拎包入住_苏州姑苏金门银杏苑(姑苏区)二手房(苏州链家),2019-10-06,7室2厅,213.0, (共5层),17841,5,,2000.0,0.0,1.0,1.0,0.0,0.0,0.0,0.0,0.0,213.0,0.0,0.0,20000,-1000.0,-1000.0,18000.0,383.4
543,平江新城,1,8.49,普通住宅,汇翠花园,高,0,0.0,107101587598,300.0,汇翠花园 5室2厅 300万_苏州姑苏平江新城汇翠花园二手房(苏州链家),2019-07-29,5室2厅,156.88, (共6层),19123,6,,2000.0,0.0,1.0,0.0,0.0,0.0,0.0,0.0,0.0,156.0,0.0,0.0,17000,-1000.0,-575.5,15424.5,240.6222
546,胥江,1,13.28,普通住宅,益锦苑,高,0,0.0,107101596223,260.0,浇筑 阁楼高3米  五楼复  楼下三房 楼上三房 带大露_苏州姑苏胥江益锦苑二手房(苏州链家),2019-08-01,6室4厅,176.0, (共5层),14773,5,,2000.0,0.0,1.0,1.0,0.0,0.0,0.0,0.0,0.0,176.0,0.0,1.0,20000,-1000.0,2564.0,21564.0,379.5264
551,留园西园,2,32.04,普通住宅,缘园小区,高,0,0.0,107101611246,260.0,罕见南北双露台。婚房装修家电全包，业主诚心卖！！！_苏州姑苏留园西园缘园小区二手房(苏州链家),2019-08-05,4室2厅,145.18, (共5层),17909,5,,2000.0,0.0,1.0,1.0,0.0,0.0,0.0,0.0,0.0,145.0,0.0,0.0,20000,-1000.0,1601.9999999999998,20602.0,298.729
552,沧浪新城,2,23.24,别墅,福星小区,低,2,311.89,107101612348,680.0,全明联排别墅，格局好，楼层好，视野开阔_苏州姑苏沧浪新城福星小区二手房(苏州链家),2019-08-05,5室3厅,171.78, (共3层),39586,3,,2000.0,0.0,1.0,0.0,0.0,0.0,0.0,0.0,0.0,171.0,1.0,0.0,17000,-1000.0,23756.5,39756.5,655.910159175
561,金阊新城,0,0.0,普通住宅,富强新苑二区,高,0,0.0,107101652076,298.0,富强顶带阁 精装修（自住保养新）大四居_苏州姑苏金阊新城富强新苑二区二手房(苏州链家),2019-08-17,5室2厅,183.0, (共5层),16285,5,,2000.0,0.0,1.0,0.0,0.0,0.0,0.0,0.0,0.0,183.0,0.0,0.0,17000,-1000.0,-1000.0,15000.0,274.5
562,胥江,0,0.0,普通住宅,锦绣新苑,高,0,0.0,107101663405,242.0,复式好房，得房率高，一梯一户，安静安全_苏州姑苏胥江锦绣新苑二手房(苏州链家),2019-08-20,5室2厅,180.0, (共6层),13445,6,,2000.0,0.0,1.0,1.0,0.0,0.0,0.0,0.0,0.0,180.0,0.0,0.0,20000,-1000.0,-2000.0,17000.0,306.0
563,桃花坞,0,0.0,普通住宅,桃花坞大街散盘,低,0,0.0,107101664837,395.0,轨道交通北寺塔站，桃花坞大街，大户型单价低，实用多_苏州姑苏桃花坞桃花坞大街散盘二手房(苏州链家),2019-08-21,4室2厅,210.16, (共3层),18796,3,,2000.0,0.0,0.0,1.0,1.0,1.0,0.0,0.0,0.0,210.0,0.0,0.0,23000,-3000.0,500.0,20500.0,430.5
567,胥江,0,0.0,普通住宅,梅亭苑,高,0,0.0,107101683135,223.0,梅亭苑   顶楼复  桐泾公园地铁口，房东诚信出售_苏州姑苏胥江梅亭苑二手房(苏州链家),2019-08-25,4室2厅,132.0, (共5层),16894,5,,2000.0,0.0,1.0,1.0,0.0,0.0,0.0,0.0,0.0,132.0,0.0,0.0,20000,-1000.0,-1000.0,18000.0,237.6
568,金阊新城,0,0.0,普通住宅,富强新苑二区,高,0,0.0,107101688809,305.0,富强二区 带大车库 精装修 品牌家具家电 拎包入住_苏州姑苏金阊新城富强新苑二区二手房(苏州链家),2019-08-27,5室3厅,188.0, (共5层),16224,5,,2000.0,0.0,1.0,0.0,0.0,0.0,0.0,0.0,0.0,188.0,0.0,0.0,17000,-1000.0,-1000.0,15000.0,282.0
569,胥江,0,0.0,普通住宅,梅亭苑,高,0,0.0,107101693562,218.0,梅亭苑 顶带阁 四开间朝南 采光充足 房东诚心售_苏州姑苏胥江梅亭苑二手房(苏州链家),2019-08-28,4室2厅,112.0, (共5层),19465,5,,2000.0,0.0,1.0,1.0,0.0,0.0,0.0,0.0,0.0,112.0,0.0,0.0,20000,-1000.0,-1000.0,18000.0,201.6
570,桃花坞,0,0.0,普通住宅,海红坊散盘,低,0,0.0,107101575183,1500.0,独门独户独院 共三进 纯一楼 仓储用地 出让土地_苏州姑苏桃花坞海红坊散盘二手房(苏州链家),2019-07-26,10室6厅,1024.13, (共1层),14647,1,,2000.0,0.0,0.0,1.0,1.0,1.0,0.0,0.0,0.0,1024.0,1.0,0.0,23000,-3000.0,5000.0,25000.0,1454.08
571,平江新城,0,0.0,普通住宅,华恒家园,高,0,0.0,107101482824,309.0,仲雅苑旁 华恒家园 精装顶复 换房诚售 看房方便_苏州姑苏平江新城华恒家园二手房(苏州链家),2019-06-30,5室2厅,163.0, (共5层),18958,5,,2000.0,0.0,1.0,0.0,0.0,0.0,0.0,0.0,0.0,163.0,0.0,1.0,17000,-1000.0,600.0,16600.0,270.58
572,胥江,0,0.0,普通住宅,彩虹一村,低,0,0.0,107101486505,245.0,好楼层，出行方便，通风好，诚心出售！！_苏州姑苏胥江彩虹一村二手房(苏州链家),2019-07-01,4室2厅,114.7, (共6层),21361,6,,2000.0,0.0,1.0,1.0,0.0,0.0,0.0,0.0,0.0,114.0,0.0,0.0,20000,-1000.0,500.0,19500.0,222.3
573,胥江,0,0.0,普通住宅,梅亭苑,高,0,0.0,107101496518,220.0,梅亭苑顶楼复式，带独库，精装修诚心出售_苏州姑苏胥江梅亭苑二手房(苏州链家),2019-07-04,4室2厅,133.0, (共5层),16542,5,,2000.0,0.0,1.0,1.0,0.0,0.0,0.0,0.0,0.0,133.0,0.0,1.0,20000,-1000.0,900.0,19900.0,264.67
574,留园西园,0,0.0,普通住宅,新庄新村,高,0,0.0,107101501213,250.0,顶复楼上层高不压抑 中间位置 两南房 看房提前联系_苏州姑苏留园西园新庄新村二手房(苏州链家),2019-07-05,4室3厅,153.0, (共6层),16340,6,,2000.0,0.0,1.0,1.0,0.0,0.0,0.0,0.0,0.0,153.0,0.0,1.0,20000,-1000.0,-100.0,18900.0,289.17
576,胥江,1,12.82,普通住宅,新康花园,高,0,0.0,107101512343,323.0,新康花园，满五年精装修 顶楼复式 带车库 带汽车位_苏州姑苏胥江新康花园二手房(苏州链家),2019-07-07,4室2厅,134.98, (共5层),23930,5,,2000.0,0.0,1.0,1.0,0.0,0.0,0.0,0.0,0.0,134.0,0.0,1.0,20000,-1000.0,709.9731812120307,19709.97318121203,264.11364062824117
577,留园西园,0,0.0,普通住宅,倪家桥,高,0,0.0,107101514456,235.0,急售顶楼复式有车位 自行车库 位置安静_苏州姑苏留园西园倪家桥二手房(苏州链家),2019-07-08,4室2厅,129.94, (共5层),18086,5,,2000.0,0.0,1.0,1.0,0.0,0.0,0.0,0.0,0.0,129.0,0.0,1.0,20000,-1000.0,-931.2759735262431,18068.724026473756,233.08653994151143
578,胥江,1,13.44,普通住宅,金桥新村,高,0,0.0,107101516666,213.0,桐泾公园旁，5号线沿线，婚装六楼复式，适合一家人_苏州姑苏胥江金桥新村二手房(苏州链家),2019-07-09,5室2厅,133.0, (共6层),16016,6,,2000.0,0.0,1.0,1.0,0.0,0.0,0.0,0.0,0.0,133.0,0.0,0.0,20000,-1000.0,-328.0000000000001,18672.0,248.3376
579,石路,0,0.0,普通住宅,香雪海路3号,高,0,0.0,107101517682,398.0,五楼复式带晒台 2001年房龄 内楼梯 大五房_苏州姑苏石路香雪海路3号二手房(苏州链家),2019-07-09,5室3厅,206.0, (共5层),19321,5,,2000.0,0.0,0.0,1.0,0.0,0.0,0.0,0.0,0.0,206.0,0.0,0.0,20000,-3000.0,-1000.0,16000.0,329.6
581,金阊新城,0,0.0,普通住宅,富强新苑二区,高,0,0.0,107101521627,310.0,富强新苑精装大5户 装修好保养好 房东诚心出售_苏州姑苏金阊新城富强新苑二区二手房(苏州链家),2019-07-10,5室2厅,188.0, (共5层),16490,5,,2000.0,0.0,1.0,0.0,0.0,0.0,0.0,0.0,0.0,188.0,0.0,0.0,17000,-1000.0,-1000.0,15000.0,282.0
585,金门,0,0.0,普通住宅,银泰花园一期,高,0,0.0,107101530947,375.0,此房满五不唯一，带自行车库，顶楼复式，保养好_苏州姑苏金门银泰花园一期二手房(苏州链家),2019-07-13,6室2厅,192.0, (共5层),19532,5,,2000.0,0.0,1.0,1.0,0.0,0.0,0.0,0.0,0.0,192.0,0.0,1.0,20000,-1000.0,900.0,19900.0,382.08
586,留园西园,0,0.0,普通住宅,新庄新村,高,0,0.0,107101531655,290.0,顶楼带阁楼 满五年 看房提前联系 房东诚心出售_苏州姑苏留园西园新庄新村二手房(苏州链家),2019-07-13,5室3厅,193.52, (共5层),14986,5,,2000.0,0.0,1.0,1.0,0.0,0.0,0.0,0.0,0.0,193.0,0.0,1.0,20000,-1000.0,-974.4729226953282,18025.527077304672,347.89267259198016
588,沧浪新城,1,21.34,普通住宅,水香六村,高,0,0.0,107101533860,299.0,水香六村 5室3厅 299万_苏州姑苏沧浪新城水香六村二手房(苏州链家),2019-07-14,5室3厅,212.0, (共6层),14104,6,,2000.0,0.0,1.0,0.0,0.0,0.0,0.0,0.0,0.0,212.0,0.0,0.0,17000,-1000.0,67.0,16067.0,340.6204
591,葑门,1,20.92,普通住宅,杨枝四村,高,0,0.0,107101540719,300.0,杨枝四村 房龄新 带独库 大复式 看房方便_苏州姑苏葑门杨枝四村二手房(苏州链家),2019-07-15,5室2厅,120.54, (共5层),24889,5,,2000.0,0.0,1.0,1.0,0.0,0.0,0.0,0.0,0.0,120.0,0.0,0.0,20000,-1000.0,1046.0,20046.0,240.552
594,留园西园,0,0.0,普通住宅,嘉业阳光城,高,0,0.0,107101554531,430.0,房子满五，车库一个，精装修，采光好，诚心出售_苏州姑苏留园西园嘉业阳光城二手房(苏州链家),2019-07-20,4室3厅,258.0, (共5层),16667,5,嘉业阳光城,2006.0,0.0,1.0,0.0,0.0,0.0,0.0,0.0,0.0,258.0,0.0,0.0,17000,0.0,-1000.0,16000.0,412.8
596,留园西园,1,8.74,普通住宅,嘉业阳光城,高,0,0.0,107101566553,408.0,嘉业阳光城复式5室3厅2卫，理想型住房_苏州姑苏留园西园嘉业阳光城二手房(苏州链家),2019-07-23,5室3厅,199.0, (共5层),20503,5,嘉业阳光城,2006.0,0.0,1.0,0.0,0.0,0.0,0.0,0.0,0.0,199.0,0.0,0.0,17000,0.0,437.0,17437.0,346.9963
598,留园西园,0,0.0,普通住宅,嘉业阳光城,高,0,0.0,107101570891,420.0,房子满五，采光好，诚心出售，通透全明户型_苏州姑苏留园西园嘉业阳光城二手房(苏州链家),2019-07-24,5室3厅,241.0, (共5层),17428,5,嘉业阳光城,2006.0,0.0,1.0,0.0,0.0,0.0,0.0,0.0,0.0,241.0,0.0,0.0,17000,0.0,-1000.0,16000.0,385.6
599,金门,0,0.0,普通住宅,东沁苑,高,0,0.0,107101574654,380.0,东沁苑，五楼复式，采光好，业主诚心出售_苏州姑苏金门东沁苑二手房(苏州链家),2019-07-26,4室3厅,208.0, (共5层),18270,5,,2000.0,0.0,1.0,1.0,0.0,0.0,0.0,0.0,0.0,208.0,0.0,0.0,20000,-1000.0,-1000.0,18000.0,374.4
602,留园西园,0,0.0,普通住宅,长盛花园,高,0,0.0,107101344519,245.0,长盛花园 5楼复式 房东诚心卖 自住装修_苏州姑苏留园西园长盛花园二手房(苏州链家),2019-05-22,4室2厅,144.95, (共5层),16903,5,,2000.0,0.0,1.0,1.0,0.0,0.0,0.0,0.0,0.0,144.0,0.0,0.0,20000,-1000.0,-1000.0,18000.0,259.2
603,平江新城,0,0.0,普通住宅,挹秀新村,高,0,0.0,107101345537,280.0,这套房子小区里比较少 户型还是不错 复式的房子 实用_苏州姑苏平江新城挹秀新村二手房(苏州链家),2019-05-22,4室2厅,146.53, (共5层),19109,5,,2000.0,0.0,1.0,0.0,0.0,0.0,0.0,0.0,0.0,146.0,0.0,0.0,17000,-1000.0,-1000.0,15000.0,219.0
605,胥江,1,12.64,普通住宅,新康花园,高,0,0.0,107101364726,384.6,新康花园顶复，近地铁，适合一家子入住。_苏州姑苏胥江新康花园二手房(苏州链家),2019-05-28,5室2厅,199.47, (共5层),19282,5,,2000.0,0.0,1.0,1.0,0.0,0.0,0.0,0.0,0.0,199.0,0.0,1.0,20000,-1000.0,654.3843184438762,19654.384318443877,391.12224793703314
611,娄门,0,0.0,普通住宅,塘坊苑,高,0,0.0,107101380683,317.0,2003房龄，精装修大复式，带车库，小区环境好_苏州姑苏娄门塘坊苑二手房(苏州链家),2019-06-01,5室3厅,153.0, (共5层),20719,5,,2000.0,0.0,1.0,1.0,1.0,0.0,0.0,0.0,0.0,153.0,0.0,0.0,21000,-1000.0,-1000.0,19000.0,290.7
612,虎丘,0,0.0,普通住宅,虎阜花园东区,高,0,0.0,107101384777,288.0,虎阜花园顶楼复式 看房方便 诚意出售_苏州姑苏虎丘虎阜花园东区二手房(苏州链家),2019-06-02,4室2厅,159.0, (共6层),18114,6,,2000.0,0.0,1.0,0.0,0.0,0.0,0.0,0.0,0.0,159.0,0.0,1.0,17000,-1000.0,-400.0,15600.0,248.04
613,胥江,2,31.26,普通住宅,新康花园,高,0,0.0,107101386870,393.0,新出顶复，自住精装修，顶楼有阁楼_苏州姑苏胥江新康花园二手房(苏州链家),2019-06-02,5室3厅,201.0, (共5层),19553,5,,2000.0,0.0,1.0,1.0,0.0,0.0,0.0,0.0,0.0,201.0,0.0,1.0,20000,-1000.0,3463.0,22463.0,451.5063
616,沧浪新城,1,9.26,普通住宅,水香六村,高,0,0.0,107101403891,255.0,水香六村  顶楼复式  装修四房  带露台_苏州姑苏沧浪新城水香六村二手房(苏州链家),2019-06-07,4室2厅,149.6, (共5层),17046,5,,2000.0,0.0,1.0,0.0,0.0,0.0,0.0,0.0,0.0,149.0,0.0,1.0,17000,-1000.0,495.08556149732584,16495.085561497326,245.77677486631018
617,沧浪新城,0,0.0,普通住宅,友联二村,高,0,0.0,107101404113,265.0,友联二村顶复，房东诚心出售。。_苏州姑苏沧浪新城友联二村二手房(苏州链家),2019-06-07,5室2厅,152.5, (共5层),17378,5,,2000.0,0.0,1.0,0.0,0.0,0.0,0.0,0.0,0.0,152.0,0.0,1.0,17000,-1000.0,-973.7704918032787,15026.22950819672,228.39868852459014
621,平江新城,1,5.03,普通住宅,梅林新苑,高,0,0.0,107101430775,242.8,精装修 位置地段佳 顶楼复式，采光足，位置安静_苏州姑苏平江新城梅林新苑二手房(苏州链家),2019-06-15,4室1厅,112.33, (共5层),21615,5,,2000.0,0.0,1.0,0.0,0.0,0.0,0.0,0.0,0.0,112.0,0.0,1.0,17000,-1000.0,275.0021810736223,16275.002181073622,182.28002442802457
623,金门,1,9.49,普通住宅,金之枫花园,高,0,0.0,107101449067,298.0,古城区顶楼复式，业主诚意卖。看房方便。_苏州姑苏金门金之枫花园二手房(苏州链家),2019-06-20,5室2厅,167.0, (共5层),17845,5,,2000.0,0.0,1.0,1.0,0.0,0.0,0.0,0.0,0.0,167.0,0.0,1.0,20000,-1000.0,2374.5,21374.5,356.95415
624,胥江,0,0.0,普通住宅,姑香苑,高,0,0.0,107101450779,272.0,姑香苑 三朝南 采光好户型好 房东诚心出售_苏州姑苏胥江姑香苑二手房(苏州链家),2019-06-21,4室3厅,136.5, (共6层),19927,6,,2000.0,0.0,1.0,1.0,0.0,0.0,0.0,0.0,0.0,136.0,0.0,0.0,20000,-1000.0,-2000.0,17000.0,231.2
626,南门,2,19.75,普通住宅,盘门雅苑,高,0,0.0,107101466216,406.0,盘门雅苑 复式 带汽车库 有装修 诚心出售！_苏州姑苏南门盘门雅苑二手房(苏州链家),2019-06-25,4室2厅,201.0, (共5层),20200,5,,2000.0,0.0,1.0,1.0,1.0,0.0,0.0,0.0,0.0,201.0,0.0,0.0,21000,-1000.0,987.5,20987.5,421.84875
628,金门,0,0.0,普通住宅,银泰花园一期,高,0,0.0,107101472030,380.0,干将路旁，姑苏区银泰花园，看房方便，_苏州姑苏金门银泰花园一期二手房(苏州链家),2019-06-27,5室2厅,192.0, (共5层),19792,5,,2000.0,0.0,1.0,1.0,0.0,0.0,0.0,0.0,0.0,192.0,0.0,0.0,20000,-1000.0,-1000.0,18000.0,345.6
629,平江新城,0,0.0,普通住宅,梅花新苑,高,0,0.0,107101475468,285.0,梅花新苑 满五唯一 复式好房 拎包入住_苏州姑苏平江新城梅花新苑二手房(苏州链家),2019-06-28,4室3厅,168.58, (共5层),16906,5,,2000.0,0.0,1.0,0.0,0.0,0.0,0.0,0.0,0.0,168.0,0.0,0.0,17000,-1000.0,-1000.0,15000.0,252.0
630,沧浪新城,2,17.15,普通住宅,水香六村,高,0,0.0,107101337743,275.0,此房满五年，无增值税，房型正，南北房。户型通透。_苏州姑苏沧浪新城水香六村二手房(苏州链家),2019-05-20,4室2厅,187.0, (共5层),14706,5,,2000.0,0.0,1.0,0.0,0.0,0.0,0.0,0.0,0.0,187.0,0.0,0.0,17000,-1000.0,857.4999999999999,16857.5,315.23525
635,胥江,2,34.86,普通住宅,阊胥路1号,高,0,0.0,107101201187,388.0,此房满五不唯一，交易过户时免除增值税。_苏州姑苏胥江阊胥路1号二手房(苏州链家),2019-04-07,4室2厅,190.0, (共5层),20422,5,,2000.0,0.0,0.0,1.0,0.0,0.0,0.0,0.0,0.0,190.0,0.0,0.0,20000,-3000.0,1742.9999999999998,18743.0,356.117
636,留园西园,1,8.54,普通住宅,嘉业阳光城,高,0,0.0,107101210251,358.0,精装4房 看房方便 业主诚心出售  有在租车位_苏州姑苏留园西园嘉业阳光城二手房(苏州链家),2019-04-11,4室3厅,194.0, (共5层),18454,5,嘉业阳光城,2006.0,0.0,1.0,0.0,0.0,0.0,0.0,0.0,0.0,194.0,0.0,0.0,17000,0.0,426.99999999999994,17427.0,338.0838
639,留园西园,0,0.0,别墅,枫江居,低,0,0.0,107101239967,543.0,联排别墅，带50平花园，院子已开门，可独立进出！_苏州姑苏留园西园枫江居二手房(苏州链家),2019-04-19,4室2厅,212.87, (共1层),25509,1,,2000.0,0.0,1.0,1.0,0.0,0.0,0.0,0.0,0.0,212.0,1.0,0.0,20000,-1000.0,5000.0,24000.0,497.2672
640,金门,0,0.0,普通住宅,彩香一村三区,高,0,0.0,107101242912,245.0,彩香一村三区五楼带阁楼 有独立汽车库_苏州姑苏金门彩香一村三区二手房(苏州链家),2019-04-20,4室2厅,139.0, (共5层),17626,5,,2000.0,0.0,1.0,1.0,0.0,0.0,0.0,0.0,0.0,139.0,0.0,1.0,20000,-1000.0,900.0,19900.0,276.61
641,留园西园,0,0.0,普通住宅,闻钟苑二区,高,0,0.0,107101261552,295.0,顶楼带阁楼 空间大 采光好 视野好_苏州姑苏留园西园闻钟苑二区二手房(苏州链家),2019-04-26,6室4厅,194.06, (共5层),15202,5,,2000.0,0.0,1.0,1.0,0.0,0.0,0.0,0.0,0.0,194.0,0.0,1.0,20000,-1000.0,-997.0627640935792,18002.937235906422,349.2569823765846
642,胥江,0,0.0,普通住宅,广大家园,高,0,0.0,107101270272,250.0,无抵押无贷款，签约方便，带13平自行车库，诚心出售！_苏州姑苏胥江广大家园二手房(苏州链家),2019-04-29,4室2厅,123.0, (共6层),20326,6,,2000.0,0.0,1.0,1.0,0.0,0.0,0.0,0.0,0.0,123.0,0.0,0.0,20000,-1000.0,-2000.0,17000.0,209.1
647,金门,0,0.0,商住两用,金门路214号,高,0,0.0,107101299044,285.0,成熟社区，生活便利，此房户型方正，采光充足_苏州姑苏金门金门路214号二手房(苏州链家),2019-05-08,5室2厅,170.0, (共5层),16765,5,,2000.0,0.0,0.0,1.0,0.0,0.0,0.0,0.0,0.0,170.0,0.0,0.0,20000,-3000.0,-1000.0,16000.0,272.0
648,沧浪新城,2,9.02,普通住宅,长欣苑南区,高,0,0.0,107101304309,309.0,此房满五唯一，去年全新装修，带有汽车库_苏州姑苏沧浪新城长欣苑南区二手房(苏州链家),2019-05-09,4室2厅,150.0, (共4层),20600,4,,2000.0,0.0,1.0,0.0,0.0,0.0,0.0,0.0,0.0,150.0,0.0,0.0,17000,-1000.0,1451.0,17451.0,261.765
649,平江新城,0,0.0,普通住宅,梅花三村,高,0,0.0,107101305968,231.9,梅花三村 精装复式 满五年 带独库 生活交通方便_苏州姑苏平江新城梅花三村二手房(苏州链家),2019-05-10,4室2厅,129.0, (共6层),17977,6,,2000.0,0.0,1.0,0.0,0.0,0.0,0.0,0.0,0.0,129.0,0.0,0.0,17000,-1000.0,-2000.0,14000.0,180.6
650,金阊新城,0,0.0,普通住宅,富强新苑二区,高,0,0.0,107101306837,238.0,富强新苑 四室二厅二卫 中户顶带阁 实用面积大_苏州姑苏金阊新城富强新苑二区二手房(苏州链家),2019-05-10,4室2厅,154.0, (共5层),15455,5,,2000.0,0.0,1.0,0.0,0.0,0.0,0.0,0.0,0.0,154.0,0.0,0.0,17000,-1000.0,-1000.0,15000.0,231.0
651,胥江,0,0.0,普通住宅,奥林花园,高,0,0.0,107101307444,430.0,奥林花园，精装5楼复式，自住，看房方便，带独库！_苏州姑苏胥江奥林花园二手房(苏州链家),2019-05-10,5室2厅,224.0, (共5层),19197,5,,2000.0,0.0,1.0,1.0,0.0,0.0,0.0,0.0,0.0,224.0,0.0,0.0,20000,-1000.0,-1000.0,18000.0,403.2
654,沧浪新城,0,0.0,普通住宅,友联二村,高,0,0.0,107101319637,270.0,友联二村顶楼复式超大三房，业主诚心出售。_苏州姑苏沧浪新城友联二村二手房(苏州链家),2019-05-14,6室2厅,157.2, (共6层),17176,6,,2000.0,0.0,1.0,0.0,0.0,0.0,0.0,0.0,0.0,157.0,0.0,1.0,17000,-1000.0,-1989.8218829516545,14010.178117048345,219.959796437659
655,留园西园,0,0.0,普通住宅,倪家桥,高,0,0.0,107101320016,270.0,满五年 位置不靠马路 自住装修 看房提前预约_苏州姑苏留园西园倪家桥二手房(苏州链家),2019-05-14,5室2厅,126.3, (共5层),21378,5,,2000.0,0.0,1.0,1.0,0.0,0.0,0.0,0.0,0.0,126.0,0.0,0.0,20000,-1000.0,-1000.0,18000.0,226.8
656,平江新城,0,0.0,普通住宅,梅林新苑,高,0,0.0,107101322995,230.0,顶楼复式 方正四房  交通便利_苏州姑苏平江新城梅林新苑二手房(苏州链家),2019-05-15,4室2厅,111.89, (共5层),20556,5,,2000.0,0.0,1.0,0.0,0.0,0.0,0.0,0.0,0.0,111.0,0.0,1.0,17000,-1000.0,-936.3660738225042,15063.633926177496,167.2063365805702
661,留园西园,2,42.40000000000001,普通住宅,嘉业阳光城,高,0,0.0,107100810546,380.0,视野开阔、配套实施完善、交通便利_苏州姑苏留园西园嘉业阳光城二手房(苏州链家),2018-11-15,5室2厅,241.9, (共5层),15709,5,嘉业阳光城,2006.0,0.0,1.0,0.0,0.0,0.0,0.0,0.0,0.0,241.0,0.0,0.0,17000,0.0,2120.0000000000005,19120.0,460.792
662,留园西园,1,6.59,别墅,嘉业阳光城,低,1,18.57,107100820961,600.0,姑苏古城区联排别墅，诚意出售，看房随时。_苏州姑苏留园西园嘉业阳光城二手房(苏州链家),2018-11-19,5室2厅,221.0, (共1层),27150,1,嘉业阳光城,2006.0,0.0,1.0,0.0,0.0,0.0,0.0,0.0,0.0,221.0,1.0,0.0,17000,0.0,8258.0,25258.0,540.7205011
663,留园西园,0,0.0,普通住宅,新庄二村,高,0,0.0,107100839694,210.0,双门，6楼复式，自住装修，看房方便，诚心出售_苏州姑苏留园西园新庄二村二手房(苏州链家),2018-11-26,5室2厅,99.12, (共6层),21187,6,,2000.0,0.0,1.0,1.0,0.0,0.0,0.0,0.0,0.0,99.0,0.0,0.0,20000,-1000.0,-2000.0,17000.0,168.3
665,胥江,1,12.3,普通住宅,桐馨苑,高,0,0.0,107100855121,240.0,顶楼复式，地铁出口处，带独库，采光充足，诚心出售_苏州姑苏胥江桐馨苑二手房(苏州链家),2018-12-02,4室2厅,160.0, (共6层),15000,6,,2000.0,0.0,1.0,1.0,0.0,0.0,0.0,0.0,0.0,160.0,0.0,1.0,20000,-1000.0,1515.0,20515.0,328.24
666,胥江,1,15.18,普通住宅,胥江路136号,高,0,0.0,107100910378,260.0,四楼经典复式，利用面积，适合一大家人，楼层中等。_苏州姑苏胥江胥江路136号二手房(苏州链家),2018-12-24,4室2厅,140.0, (共4层),18572,4,,2000.0,0.0,0.0,1.0,0.0,0.0,0.0,0.0,0.0,140.0,0.0,0.0,20000,-3000.0,1759.0,18759.0,262.626
669,胥江,2,23.48,普通住宅,新康花园,高,0,0.0,107100936694,285.0,房龄新 满五年 近地铁 近公园 出行方便  诚心出售_苏州姑苏胥江新康花园二手房(苏州链家),2019-01-03,5室2厅,155.0, (共5层),18388,5,,2000.0,0.0,1.0,1.0,0.0,0.0,0.0,0.0,0.0,155.0,0.0,0.0,20000,-1000.0,1174.0,20174.0,312.697
671,胥江,2,29.51,普通住宅,新康花园,高,0,0.0,107101015246,330.0,房东诚心出售，交通便利，四通八达。_苏州姑苏胥江新康花园二手房(苏州链家),2019-02-15,5室3厅,172.0, (共5层),19187,5,,2000.0,0.0,1.0,1.0,0.0,0.0,0.0,0.0,0.0,172.0,0.0,0.0,20000,-1000.0,1475.5,20475.5,352.1786
673,娄门,1,12.4,普通住宅,永林二区,高,0,0.0,107101026123,390.0,装修简单清爽 顶楼复式 超 大面积_苏州姑苏娄门永林二区二手房(苏州链家),2019-02-18,6室2厅,204.0, (共5层),19118,5,,2000.0,0.0,1.0,1.0,1.0,0.0,0.0,0.0,0.0,204.0,0.0,1.0,21000,-1000.0,2620.0,22620.0,461.448
676,留园西园,1,12.19,普通住宅,闻钟苑一区,高,0,0.0,107101048029,223.0,好房优质小区，价格底，房东诚心出售_苏州姑苏留园西园闻钟苑一区二手房(苏州链家),2019-02-24,4室2厅,106.0, (共6层),21038,6,,2000.0,0.0,1.0,1.0,0.0,0.0,0.0,0.0,0.0,106.0,0.0,0.0,20000,-1000.0,-390.5000000000001,18609.5,197.2607
680,留园西园,1,12.97,普通住宅,福马小区,高,0,0.0,107101098216,288.0,单价低，出行方便，房东诚心出售_苏州姑苏留园西园福马小区二手房(苏州链家),2019-03-09,4室2厅,152.21, (共5层),18922,5,,2000.0,0.0,1.0,1.0,0.0,0.0,0.0,0.0,0.0,152.0,0.0,0.0,20000,-1000.0,648.5000000000001,19648.5,298.6572
684,金阊新城,0,0.0,普通住宅,宝邻苑,高,0,0.0,107101131265,189.0,此房满两年。好楼层出行方便，卧室朝南采光好_苏州姑苏金阊新城宝邻苑二手房(苏州链家),2019-03-18,4室2厅,86.54, (共6层),21840,6,,2000.0,0.0,1.0,0.0,0.0,0.0,0.0,0.0,0.0,86.0,0.0,0.0,17000,-1000.0,-2000.0,14000.0,120.4
686,金门,0,0.0,普通住宅,阊胥路102号,高,0,0.0,107101163161,340.0,地铁口小区 交通便利 配套齐全 环境好_苏州姑苏金门阊胥路102号二手房(苏州链家),2019-03-28,4室2厅,175.0, (共5层),19429,5,,2000.0,0.0,0.0,1.0,0.0,0.0,0.0,0.0,0.0,175.0,0.0,0.0,20000,-3000.0,-1000.0,16000.0,280.0
687,金门,0,0.0,普通住宅,采香花园,高,0,0.0,107101163833,425.0,好楼层，地铁口！出行方便，通风好！！_苏州姑苏金门采香花园二手房(苏州链家),2019-03-28,6室3厅,196.0, (共4层),21684,4,,2000.0,0.0,1.0,1.0,0.0,0.0,0.0,0.0,0.0,196.0,0.0,0.0,20000,-1000.0,0.0,19000.0,372.4
688,葑门,0,0.0,普通住宅,现代花园,高,0,0.0,107101173623,255.0,现代花园5室2厅，全明户型，阳光刺眼_苏州姑苏葑门现代花园二手房(苏州链家),2019-03-31,5室2厅,150.88, (共5层),16901,5,,2000.0,0.0,1.0,1.0,0.0,0.0,0.0,0.0,0.0,150.0,0.0,0.0,20000,-1000.0,-1000.0,18000.0,270.0
692,胥江,1,13.23,普通住宅,姑香苑,高,0,0.0,107100357267,330.0,姑香苑 4室2厅 330万_苏州姑苏胥江姑香苑二手房(苏州链家),2018-06-07,4室2厅,162.0, (共6层),20371,6,,2000.0,0.0,1.0,1.0,0.0,0.0,0.0,0.0,0.0,162.0,0.0,0.0,20000,-1000.0,-338.5,18661.5,302.3163
693,南门,2,21.74,普通住宅,盘福苑,高,0,0.0,107100372596,276.0,五楼复式，带独库，汽车位，精装修，位置安静，诚售_苏州姑苏南门盘福苑二手房(苏州链家),2018-06-12,4室2厅,150.0, (共5层),18400,5,,2000.0,0.0,1.0,1.0,1.0,0.0,0.0,0.0,0.0,150.0,0.0,0.0,21000,-1000.0,1087.0,21087.0,316.305
695,沧浪新城,1,8.12,普通住宅,长欣苑南区,高,0,0.0,107100377211,213.0,二号线地铁口  复式带阁楼 南北朝向四室两厅_苏州姑苏沧浪新城长欣苑南区二手房(苏州链家),2018-06-13,4室2厅,120.0, (共5层),17750,5,,2000.0,0.0,1.0,0.0,0.0,0.0,0.0,0.0,0.0,120.0,0.0,1.0,17000,-1000.0,2006.0,18006.0,216.072
697,金门,1,9.82,普通住宅,馨泓花园B区,高,0,0.0,107100405915,388.0,市区好房 不仅房龄新而且税费少_苏州姑苏金门馨泓花园B区二手房(苏州链家),2018-06-23,6室2厅,176.0, (共5层),22046,5,,2000.0,0.0,1.0,1.0,0.0,0.0,0.0,0.0,0.0,176.0,0.0,0.0,20000,-1000.0,491.0,19491.0,343.0416
700,金门,1,6.29,普通住宅,金门路386号,高,0,0.0,107100442209,260.0,金门路386号，顶楼带阁楼，通风好，适合置换。_苏州姑苏金门金门路386号二手房(苏州链家),2018-07-06,4室2厅,116.82, (共5层),22257,5,,2000.0,0.0,0.0,1.0,0.0,0.0,0.0,0.0,0.0,116.0,0.0,1.0,20000,-3000.0,374.1644410203727,17374.164441020373,201.54030751583633
702,金阊新城,1,11.97,普通住宅,富强新苑二区,高,0,0.0,107100457527,290.0,富强新苑二区 纯毛坯 大五房 装修风格自己选_苏州姑苏金阊新城富强新苑二区二手房(苏州链家),2018-07-12,5室2厅,190.0, (共5层),15264,5,,2000.0,0.0,1.0,0.0,0.0,0.0,0.0,0.0,0.0,190.0,0.0,0.0,17000,-1000.0,598.5,16598.5,315.3715
705,胥江,0,0.0,普通住宅,胥虹苑,高,0,0.0,107100498416,310.0,极力热推，胥虹苑，6楼，精装，看房随时_苏州姑苏胥江胥虹苑二手房(苏州链家),2018-07-26,5室2厅,167.0, (共6层),18563,6,,2000.0,0.0,1.0,1.0,0.0,0.0,0.0,0.0,0.0,167.0,0.0,0.0,20000,-1000.0,-2000.0,17000.0,283.9
709,胥江,2,16.85,普通住宅,姑香苑,高,0,0.0,107100564131,205.0,尖顶复式 前后露台 房东换房子 诚意出售_苏州姑苏胥江姑香苑二手房(苏州链家),2018-08-19,5室1厅,120.0, (共6层),17084,6,,2000.0,0.0,1.0,1.0,0.0,0.0,0.0,0.0,0.0,120.0,0.0,1.0,20000,-1000.0,1742.5,20742.5,248.91
710,金门,1,17.73,普通住宅,菱塘新村二区,高,0,0.0,107100595561,315.0,地铁口 顶楼复式 适合三代同堂 满5年 免增值税_苏州姑苏金门菱塘新村二区二手房(苏州链家),2018-08-29,6室3厅,180.0, (共5层),17500,5,菱塘新村二区,1998.0,0.0,0.0,1.0,0.0,0.0,0.0,0.0,0.0,180.0,0.0,1.0,20000,-4000.0,2486.5,18486.5,332.757
711,葑门,0,0.0,普通住宅,现代花园,高,0,0.0,107100601898,305.0,现代花园三期商品房，自住精装，楼上开晒台，利用率高_苏州姑苏葑门现代花园二手房(苏州链家),2018-08-31,5室3厅,150.88, (共5层),20215,5,,2000.0,0.0,1.0,1.0,0.0,0.0,0.0,0.0,0.0,150.0,0.0,0.0,20000,-1000.0,-1000.0,18000.0,270.0
713,胥江,1,17.29,普通住宅,银桥新村,高,0,0.0,107100612998,369.0,银桥新村，顶楼复式，户型方正。_苏州姑苏胥江银桥新村二手房(苏州链家),2018-09-04,4室3厅,164.91, (共5层),22376,5,,2000.0,0.0,1.0,1.0,0.0,0.0,0.0,0.0,0.0,164.0,0.0,1.0,20000,-1000.0,916.9225335031226,19916.922533503122,326.63752954945124
714,胥江,2,37.4,普通住宅,奥林花园,高,0,0.0,107100621617,395.0,房子满五年不唯一，房东换房诚心出售，靠河中间楼层，_苏州姑苏胥江奥林花园二手房(苏州链家),2018-09-07,6室2厅,231.0, (共5层),17100,5,,2000.0,0.0,1.0,1.0,0.0,0.0,0.0,0.0,0.0,231.0,0.0,0.0,20000,-1000.0,1869.9999999999998,20870.0,482.097
719,胥江,3,28.48,普通住宅,新康花园,高,0,0.0,107100734185,342.0,多层 顶楼复式  户型方正 带大露台 适合多口之家_苏州姑苏胥江新康花园二手房(苏州链家),2018-10-18,6室3厅,220.0, (共6层),15546,6,,2000.0,0.0,1.0,1.0,0.0,0.0,0.0,0.0,0.0,220.0,0.0,1.0,20000,-1000.0,2324.0,21324.0,469.128
723,留园西园,2,12.96,普通住宅,嘉业阳光城,高,0,0.0,107002187001,408.0,嘉业阳光城 大户型复式楼房 五室三厅三卫 看中可谈_苏州姑苏留园西园嘉业阳光城二手房(苏州链家),2017-10-01,5室3厅,205.07, (共5层),19896,5,嘉业阳光城,2006.0,0.0,1.0,0.0,0.0,0.0,0.0,0.0,0.0,205.0,0.0,0.0,17000,0.0,648.0,17648.0,361.784
725,胥江,0,0.0,普通住宅,彩虹新村,高,0,0.0,107002237593,320.0,通透户型，两房朝南，全明户型，采光充足_苏州姑苏胥江彩虹新村二手房(苏州链家),2017-11-01,6室3厅,200.0, (共6层),16000,6,,2000.0,0.0,1.0,1.0,0.0,0.0,0.0,0.0,0.0,200.0,0.0,0.0,20000,-1000.0,-2000.0,17000.0,340.0
727,平江新城,0,0.0,普通住宅,汇元坊,高,0,0.0,107000959319,306.0,护城河边 4房2厅2卫 精装修 保养好 得房率高_苏州姑苏平江新城汇元坊二手房(苏州链家),2017-11-03,4室2厅,150.16, (共4层),20379,4,,2000.0,0.0,1.0,0.0,0.0,0.0,0.0,0.0,0.0,150.0,0.0,0.0,17000,-1000.0,0.0,16000.0,240.0
729,齐门,1,12.83,普通住宅,政园小区,高,0,0.0,107002113353,414.5,敬文平江 120+120 大露台 自行车库15平 有车位_苏州姑苏齐门政园小区二手房(苏州链家),2017-11-16,6室2厅,180.0, (共5层),23028,5,,2000.0,0.0,1.0,1.0,1.0,1.0,0.0,0.0,0.0,180.0,0.0,0.0,23000,-1000.0,641.5,22641.5,407.547
730,胥江,0,0.0,普通住宅,梅亭苑,高,0,0.0,107001392131,235.0,易上高架 出行便利 烟火气浓厚_苏州姑苏胥江梅亭苑二手房(苏州链家),2017-11-16,4室2厅,134.0, (共5层),17538,5,,2000.0,0.0,1.0,1.0,0.0,0.0,0.0,0.0,0.0,134.0,0.0,0.0,20000,-1000.0,-1000.0,18000.0,241.2
732,胥江,0,0.0,普通住宅,奥林花园,高,0,0.0,107000742751,450.0,房子满五年不唯一，房东换房诚心出售，靠河中间楼层，_苏州姑苏胥江奥林花园二手房(苏州链家),2017-11-23,5室3厅,223.0, (共5层),20180,5,,2000.0,0.0,1.0,1.0,0.0,0.0,0.0,0.0,0.0,223.0,0.0,0.0,20000,-1000.0,-1000.0,18000.0,401.4
733,石路,2,37.08,普通住宅,凯旋花园,高,0,0.0,107000958851,339.0,五楼楼复式的，大六房，实用面积大。_苏州姑苏石路凯旋花园二手房(苏州链家),2017-11-25,6室2厅,134.76, (共5层),25156,5,,2000.0,0.0,1.0,1.0,0.0,0.0,0.0,0.0,0.0,134.0,0.0,0.0,20000,-1000.0,1853.9999999999998,20854.0,279.4436
735,胥江,0,0.0,普通住宅,广大家园,高,0,0.0,107002290613,220.0,广大家园 自住精装修 看房方便 拎包入住_苏州姑苏胥江广大家园二手房(苏州链家),2017-12-13,4室2厅,118.22, (共5层),18610,5,,2000.0,0.0,1.0,1.0,0.0,0.0,0.0,0.0,0.0,118.0,0.0,0.0,20000,-1000.0,-1000.0,18000.0,212.4
736,葑门,0,0.0,普通住宅,现代花园,高,0,0.0,107000813157,265.0,业主自住，精装修，满五年不唯一有独库_苏州姑苏葑门现代花园二手房(苏州链家),2017-12-15,4室3厅,128.6, (共5层),20607,5,,2000.0,0.0,1.0,1.0,0.0,0.0,0.0,0.0,0.0,128.0,0.0,0.0,20000,-1000.0,-1000.0,18000.0,230.4
737,平江新城,0,0.0,普通住宅,新天地家园北区,高,0,0.0,107001463985,350.0,纯毛坯  近火车站 满二年 善耕草桥 大晒台独库_苏州姑苏平江新城新天地家园北区二手房(苏州链家),2017-12-15,5室2厅,197.0, (共5层),17767,5,,2000.0,0.0,1.0,0.0,0.0,0.0,0.0,0.0,0.0,197.0,0.0,0.0,17000,-1000.0,-1000.0,15000.0,295.5
739,留园西园,1,15.87,普通住宅,新庄新村,高,0,0.0,107000968203,260.0,此房满五年税费少，户型正气，使用面积大。_苏州姑苏留园西园新庄新村二手房(苏州链家),2017-12-29,4室3厅,156.0, (共5层),16667,5,,2000.0,0.0,1.0,1.0,0.0,0.0,0.0,0.0,0.0,156.0,0.0,0.0,20000,-1000.0,793.5,19793.5,308.7786
740,南门,1,14.27,普通住宅,邱家桥70号,高,0,0.0,107002320315,230.0,六楼大复式精装自住，使用面积大_苏州姑苏南门邱家桥70号二手房(苏州链家),2018-01-06,5室2厅,128.9, (共6层),17844,6,,2000.0,0.0,0.0,1.0,1.0,0.0,0.0,0.0,0.0,128.0,0.0,0.0,21000,-3000.0,-286.5,17713.5,226.7328
743,胥江,0,0.0,普通住宅,广大家园,高,0,0.0,107100178203,225.0,胥江 广大家园 5楼复式 自住装修拎包入住 独库_苏州姑苏胥江广大家园二手房(苏州链家),2018-04-07,4室1厅,128.0, (共5层),17579,5,,2000.0,0.0,1.0,1.0,0.0,0.0,0.0,0.0,0.0,128.0,0.0,0.0,20000,-1000.0,-1000.0,18000.0,230.4
745,留园西园,1,9.6,普通住宅,南五泾浜18号,高,0,0.0,107100224929,208.0,南五泾浜18号 四室两厅 顶层复式 朝南 空置看房方便_苏州姑苏留园西园南五泾浜18号二手房(苏州链家),2018-04-22,4室2厅,120.87, (共5层),17209,5,,2000.0,0.0,0.0,1.0,0.0,0.0,0.0,0.0,0.0,120.0,0.0,0.0,20000,-3000.0,480.0,17480.0,209.76
749,金门,2,13.95,普通住宅,东沁苑,高,0,0.0,107100287091,295.0,东沁苑4室2厅1厨2卫198平_苏州姑苏金门东沁苑二手房(苏州链家),2018-05-13,4室2厅,181.36, (共5层),16266,5,,2000.0,0.0,1.0,1.0,0.0,0.0,0.0,0.0,0.0,181.0,0.0,0.0,20000,-1000.0,697.5,19697.5,356.52475
750,留园西园,0,0.0,普通住宅,新庄二村,高,0,0.0,107002161827,140.0,新庄二村精装顶带阁 诚心出售 看房预约_苏州姑苏留园西园新庄二村二手房(苏州链家),2017-09-06,4室2厅,60.0, (共6层),23334,6,,2000.0,0.0,1.0,1.0,0.0,0.0,0.0,0.0,0.0,60.0,0.0,0.0,20000,-1000.0,-2000.0,17000.0,102.0
753,留园西园,1,9.56,普通住宅,留茗花苑,高,0,0.0,107001001723,248.0,此房满五不唯一顶带阁，高楼层。视野开阔，_苏州姑苏留园西园留茗花苑二手房(苏州链家),2016-11-17,5室3厅,123.0, (共6层),20163,6,,2000.0,0.0,1.0,1.0,0.0,0.0,0.0,0.0,0.0,123.0,0.0,0.0,20000,-1000.0,-522.0,18478.0,227.2794
755,胥江,1,8.74,普通住宅,泰南路123号,高,0,0.0,107000963037,308.0,泰南路顶楼复式，诚心出售，看房提前预约_苏州姑苏胥江泰南路123号二手房(苏州链家),2017-04-06,5室3厅,177.0, (共5层),17402,5,,2000.0,0.0,0.0,1.0,0.0,0.0,0.0,0.0,0.0,177.0,0.0,1.0,20000,-3000.0,2137.0,19137.0,338.7249
756,胥江,1,12.68,普通住宅,新康花园,高,0,0.0,107000348819,325.0,顶楼复式 户型方正 带大露台 采光好 适合多口之家_苏州姑苏胥江新康花园二手房(苏州链家),2017-04-22,6室3厅,205.66, (共6层),15803,6,,2000.0,0.0,1.0,1.0,0.0,0.0,0.0,0.0,0.0,205.0,0.0,1.0,20000,-1000.0,-335.51278809685914,18664.487211903142,382.6219878440144
757,沧浪新城,0,0.0,普通住宅,承信小区,高,0,0.0,107002074203,320.0,南北通透格局，顶复，价格包含自行车库，有租的车位_苏州姑苏沧浪新城承信小区二手房(苏州链家),2017-07-08,4室2厅,196.0, (共5层),16327,5,,2000.0,0.0,1.0,0.0,0.0,0.0,0.0,0.0,0.0,196.0,0.0,1.0,17000,-1000.0,600.0,16600.0,325.36
758,留园西园,0,0.0,普通住宅,新庄新村,高,0,0.0,107000981913,256.0,新庄新村 精装修 顶层复式 采光好 诚意出售！_苏州姑苏留园西园新庄新村二手房(苏州链家),2017-07-16,5室2厅,120.0, (共5层),21334,5,,2000.0,0.0,1.0,1.0,0.0,0.0,0.0,0.0,0.0,120.0,0.0,0.0,20000,-1000.0,-1000.0,18000.0,216.0
761,胥江,1,12.25,普通住宅,盘景苑,高,0,0.0,107002113759,345.0,盘景苑顶楼复式采光充足装修充满了书香气息_苏州姑苏胥江盘景苑二手房(苏州链家),2017-08-05,5室2厅,154.8, (共5层),22287,5,,2000.0,0.0,1.0,1.0,0.0,0.0,0.0,0.0,0.0,154.0,0.0,1.0,20000,-1000.0,661.5956072351428,19661.595607235144,302.78857235142124
763,胥江,2,26.51,普通住宅,小施家弄22号,高,0,0.0,107002111825,360.0,没有增值税，精装修，家电家具基本全留，楼层好_苏州姑苏胥江小施家弄22号二手房(苏州链家),2017-08-28,5室2厅,188.22, (共4层),19127,4,,2000.0,0.0,0.0,1.0,0.0,0.0,0.0,0.0,0.0,188.0,0.0,0.0,20000,-3000.0,2325.5,19325.5,363.3194
765,胥江,0,0.0,普通住宅,新康花园,高,0,0.0,107000841139,295.0,新康花园一期 出行方便 诚心出售 透气性好 采光充足_苏州姑苏胥江新康花园二手房(苏州链家),2017-09-04,4室3厅,144.0, (共5层),20487,5,,2000.0,0.0,1.0,1.0,0.0,0.0,0.0,0.0,0.0,144.0,0.0,0.0,20000,-1000.0,-1000.0,18000.0,259.2
767,平江路,1,22.7,普通住宅,华阳花苑,高,0,0.0,107101517032,595.0,此房满五，户型好，视野宽阔，采光充足，配套设施齐全,2019-07-09,3室2厅,268.84, (共4层),22133,4,华阳花苑,2001.0,0.0,1.0,1.0,1.0,1.0,1.0,0.0,1.0,200.0,0.0,1.0,23000,0.0,5079.725487278678,28079.72548727868,555.4350587710163
